0.022763,0.022346,0.016129,0.021127,0.021351,0.01248,0.04,0.12238,0.080278,0.002489,0.012422,0.00194,0.018067,0.068182,0.041322,0,0.23913,0.055385,0.019044,0.025116,0.022222,FALSE
0.002355,0,0,0,0.000754,0.000237,0.335,0.014489,0.012842,0.000006,0,0.000004,0.001807,0,0,0,0.043478,0.003077,0.00081,0.000661,0,FALSE
0.013344,0.005587,0,0.007042,0.010299,0.005539,0.065,0.072443,0.06016,0.000654,0.005324,0.00051,0.011743,0.022727,0.016529,0,0.195652,0.036923,0.009319,0.011897,0.005556,FALSE
0.007064,0.005587,0,0.007042,0.00427,0.001908,0.07,0.067613,0.022214,0.00021,0.001775,0.000164,0.007227,0,0,0,0.152174,0.012308,0.004052,0.004627,0.005556,FALSE
0.046311,0.022346,0,0.028169,0.028636,0.017582,0.04,0.128272,0.10784,0.003677,0.017746,0.002867,0.039747,0.068182,0.07438,0,0.26087,0.070769,0.027147,0.031064,0.022222,FALSE
0.003925,0,0,0,0.002512,0.000976,0.11,0.043466,0.01766,0.000069,0.000887,0.000054,0.003613,0,0,0,0.108696,0.006154,0.002836,0.001983,0,FALSE
0.043171,0.01676,0,0.021127,0.025371,0.015472,0.035,0.137641,0.088445,0.003472,0.015084,0.002706,0.037037,0.068182,0.024793,0,0.304348,0.061538,0.025527,0.025116,0.016667,FALSE
0.002355,0,0,0,0.000754,0.000237,0.335,0.014489,0.012842,0.000006,0,0.000004,0.001807,0,0,0,0.043478,0.003077,0.00081,0.000661,0,FALSE
0.010989,0.011173,0,0.007042,0.012057,0.006263,0.06,0.082102,0.060015,0.000838,0.006211,0.000653,0.01084,0,0.008264,0,0.195652,0.030769,0.012561,0.011236,0.011111,FALSE
0.002355,0,0,0,0.001005,0.000343,0.335,0.014489,0.018648,0.000008,0,0.000006,0.001807,0,0,0,0.043478,0.006154,0.00081,0.001322,0,FALSE
0.000785,0,0,0,0.000754,0.000237,0.335,0.014489,0.012842,0.000006,0,0.000004,0,0,0,0,0.043478,0.003077,0.00081,0.000661,0,FALSE
0.007064,0.005587,0,0.007042,0.00427,0.001908,0.07,0.067613,0.022214,0.00021,0.001775,0.000164,0.007227,0,0,0,0.152174,0.012308,0.004052,0.004627,0.005556,FALSE
0.008634,0.005587,0,0.007042,0.003517,0.001331,0.085,0.057954,0.01807,0.000126,0.001775,0.000098,0.007227,0.022727,0,0,0.108696,0.006154,0.004052,0.002644,0.005556,FALSE
0.054945,0.055866,0,0.035211,0.042703,0.026539,0.02,0.235294,0.088734,0.010181,0.026619,0.007937,0.052394,0,0.090909,0,0.326087,0.067692,0.041734,0.044283,0.055556,FALSE
0.002355,0,0,0,0.000754,0.000237,0.335,0.014489,0.012842,0.000006,0,0.000004,0.001807,0,0,0,0.043478,0.003077,0.00081,0.000661,0,FALSE
0.00314,0,0,0,0.001005,0.000343,0.335,0.014489,0.018648,0.000008,0,0.000006,0.001807,0,0,0,0.043478,0.006154,0.00081,0.001322,0,FALSE
0.024333,0.01676,0,0.007042,0.015574,0.009051,0.08,0.060852,0.117043,0.000898,0.008873,0.0007,0.01897,0.045455,0.049587,0.090909,0.173913,0.061538,0.013776,0.018506,0.016667,FALSE
0.008634,0.005587,0,0.007042,0.003517,0.00159,0.165,0.028977,0.043174,0.000075,0.001775,0.000059,0.00542,0.068182,0.008264,0,0.108696,0.018462,0.003241,0.003966,0.005556,FALSE
0.00157,0,0,0,0,0,0,0,0,0,0,0,0.000903,0,0,0,0,0,0,0,0,FALSE
0.002355,0,0,0,0.001005,0.000343,0.335,0.014489,0.018648,0.000008,0,0.000006,0.001807,0,0,0,0.043478,0.006154,0.00081,0.001322,0,FALSE
0.002355,0,0,0,0.000251,0.000059,1,0.00483,0.009637,0,0,0,0.001807,0,0,0,0,0.003077,0,0.000661,0,FALSE
0.002355,0,0,0,0.000754,0.000237,0.335,0.014489,0.012842,0.000006,0,0.000004,0.001807,0,0,0,0.043478,0.003077,0.00081,0.000661,0,FALSE
0.037677,0.01676,0,0.021127,0.031399,0.018284,0.03,0.161016,0.089385,0.004798,0.018634,0.00374,0.03523,0.045455,0.041322,0,0.23913,0.055385,0.030389,0.033047,0.016667,TRUE
0.005495,0,0,0,0.002261,0.000887,0.15,0.032165,0.021684,0.000047,0.000887,0.000036,0.003613,0,0.008264,0,0.086957,0.009231,0.002026,0.002644,0,FALSE
0.022763,0.011173,0,0.014085,0.014067,0.007625,0.045,0.110596,0.054233,0.001375,0.007986,0.001072,0.02168,0,0.024793,0.090909,0.23913,0.033846,0.014182,0.01388,0.011111,FALSE
0.00471,0,0,0,0.001256,0.000459,0.2,0.024148,0.014938,0.000018,0.000887,0.000014,0.00271,0,0.008264,0,0.086957,0.003077,0.001621,0.000661,0,FALSE
0.007064,0.005587,0,0.007042,0.00427,0.001908,0.07,0.067613,0.022214,0.00021,0.001775,0.000164,0.007227,0,0,0,0.152174,0.012308,0.004052,0.004627,0.005556,FALSE
0.041601,0.03352,0.016129,0.042254,0.02939,0.017448,0.025,0.195982,0.070038,0.005576,0.017746,0.004346,0.03794,0.022727,0.066116,0.090909,0.304348,0.052308,0.028768,0.030403,0.033333,FALSE
0.16405,0.022346,0,0.014085,0.172319,0.12732,0.01,0.399594,0.250759,0.082932,0.127773,0.064648,0.148148,0.068182,0.338843,0,0.347826,0.184615,0.159643,0.192994,0.022222,TRUE
0.010204,0.005587,0,0.007042,0.015072,0.0091,0.055,0.090988,0.078663,0.00135,0.008873,0.001053,0.01084,0,0,0,0.26087,0.061538,0.012561,0.019167,0.005556,TRUE
0.035322,0.044693,0.040323,0.042254,0.032906,0.020914,0.035,0.130204,0.126391,0.00444,0.021295,0.003461,0.03523,0.068182,0.016529,0,0.282609,0.083077,0.03201,0.034369,0.044444,FALSE
0.032967,0.01676,0.016129,0.021127,0.02311,0.012928,0.045,0.111658,0.091095,0.002354,0.01331,0.001835,0.0271,0.022727,0.07438,0.090909,0.195652,0.049231,0.022285,0.024455,0.016667,FALSE
0.023548,0.011173,0,0.014085,0.018588,0.0103,0.045,0.106249,0.076278,0.001784,0.010648,0.001391,0.020777,0.022727,0.033058,0,0.217391,0.043077,0.018639,0.018506,0.011111,FALSE
0.002355,0,0,0,0.000754,0.000237,0.335,0.014489,0.012842,0.000006,0,0.000004,0.001807,0,0,0,0.043478,0.003077,0.00081,0.000661,0,FALSE
0.006279,0.005587,0,0,0.005024,0.00259,0.125,0.038636,0.052739,0.000163,0.002662,0.000127,0.007227,0,0,0,0.152174,0.030769,0.004052,0.006609,0.005556,FALSE
0.005495,0,0,0,0.003014,0.001277,0.25,0.019318,0.052017,0.00004,0.000887,0.000031,0.001807,0,0,0,0.173913,0.027692,0.007699,0.008592,0,FALSE
0.029042,0.011173,0,0.014085,0.033409,0.021369,0.03,0.155607,0.108057,0.005421,0.021295,0.004226,0.028907,0.022727,0.016529,0,0.304348,0.083077,0.030389,0.038334,0.011111,FALSE
0.002355,0,0,0,0.001758,0.000473,0.43,0.011301,0.033031,0.000009,0.000887,0.000007,0.001807,0,0,0,0,0.009231,0,0.004627,0,FALSE
0.005495,0,0,0,0.002261,0.000887,0.15,0.032165,0.021684,0.000047,0.000887,0.000036,0.003613,0,0.008264,0,0.086957,0.009231,0.002026,0.002644,0,FALSE
0.00471,0,0,0,0.003014,0.001079,0.1,0.048295,0.017588,0.000085,0.000887,0.000066,0.003613,0,0,0.090909,0.086957,0.006154,0.003241,0.002644,0,FALSE
0.107535,0.106145,0.137097,0.098592,0.111279,0.07756,0.015,0.296822,0.205633,0.037526,0.077196,0.029253,0.115628,0,0.066116,0,0.326087,0.135385,0.111021,0.111699,0.105556,FALSE
0.002355,0,0,0,0.000754,0.000237,0.335,0.014489,0.012842,0.000006,0,0.000004,0.001807,0,0,0,0.043478,0.003077,0.00081,0.000661,0,FALSE
0.003925,0.011173,0,0,0.005777,0.002626,0.105,0.045494,0.045391,0.000195,0.002662,0.000152,0.003613,0,0,0,0.108696,0.021538,0.004862,0.00727,0.011111,FALSE
0.072998,0.061453,0.032258,0.042254,0.062547,0.044192,0.02,0.225249,0.154387,0.016226,0.044366,0.012649,0.062331,0.204545,0.099174,0.181818,0.391304,0.135385,0.057131,0.071381,0.061111,FALSE
0.017268,0.011173,0,0.007042,0.009797,0.005424,0.075,0.065392,0.065268,0.000578,0.005324,0.000451,0.009937,0.136364,0.033058,0,0.217391,0.04,0.009319,0.010575,0.011111,FALSE
0.002355,0,0,0,0.00201,0.000747,0,0,0,0,0.000887,0,0.001807,0,0,0,0.130435,0,0.003241,0,0,FALSE
0.002355,0,0,0,0.000754,0.000237,0.335,0.014489,0.012842,0.000006,0,0.000004,0.001807,0,0,0,0.043478,0.003077,0.00081,0.000661,0,FALSE
0.146782,0.039106,0.024194,0.028169,0.127606,0.102078,0.025,0.184488,0.435311,0.030707,0.102041,0.023937,0.122855,0.204545,0.330579,0,0.391304,0.28,0.131686,0.120952,0.038889,FALSE
0.046311,0.03352,0.024194,0.035211,0.043205,0.029164,0.02,0.230175,0.099696,0.010945,0.029281,0.008532,0.04878,0.022727,0.024793,0,0.456522,0.092308,0.043355,0.042961,0.033333,FALSE
0.012559,0.01676,0,0.014085,0.012057,0.006462,0.06,0.082102,0.061943,0.000865,0.006211,0.000674,0.01355,0,0,0,0.217391,0.033846,0.012561,0.011236,0.016667,FALSE
0.002355,0,0,0,0.000754,0.000237,0.335,0.014489,0.012842,0.000006,0,0.000004,0.001807,0,0,0,0.043478,0.003077,0.00081,0.000661,0,FALSE
0.002355,0,0,0,0.001507,0.000581,0.25,0.019318,0.023683,0.000018,0.000887,0.000014,0.001807,0,0,0,0.065217,0.009231,0.001216,0.001983,0,FALSE
0.024333,0.027933,0,0.035211,0.021603,0.013197,0.03,0.163624,0.063461,0.00352,0.01331,0.002744,0.02439,0.022727,0.016529,0,0.369565,0.052308,0.02188,0.02115,0.027778,TRUE
0.002355,0,0,0,0.001005,0.000343,0.335,0.014489,0.018648,0.000008,0,0.000006,0.001807,0,0,0,0.043478,0.006154,0.00081,0.001322,0,FALSE
0.00314,0,0,0,0.001005,0.000343,0.25,0.019318,0.013974,0.000011,0,0.000008,0.001807,0.022727,0,0,0.065217,0.003077,0.001216,0.000661,0,FALSE
0.033752,0.044693,0.024194,0.021127,0.034162,0.021106,0.035,0.13909,0.119404,0.004786,0.021295,0.003731,0.026197,0.090909,0.066116,0.090909,0.23913,0.076923,0.030794,0.039656,0.044444,FALSE
0.007064,0.005587,0,0.007042,0.005275,0.002477,0.085,0.057954,0.033634,0.000234,0.002662,0.000182,0.007227,0,0,0,0.152174,0.018462,0.004862,0.005948,0.005556,FALSE
0.022763,0.022346,0,0.021127,0.014318,0.008246,0.065,0.076113,0.085313,0.001022,0.007986,0.000797,0.020777,0,0.041322,0,0.23913,0.049231,0.014587,0.01388,0.022222,FALSE
0.012559,0.011173,0,0.007042,0.015825,0.009195,0.045,0.103641,0.069797,0.001554,0.008873,0.001211,0.011743,0,0.016529,0,0.282609,0.046154,0.016207,0.015202,0.011111,FALSE
0.082418,0.061453,0.048387,0.049296,0.06531,0.043108,0.025,0.2068,0.164024,0.014534,0.043478,0.01133,0.073171,0.113636,0.123967,0.090909,0.282609,0.104615,0.063209,0.068738,0.061111,FALSE
0.002355,0,0,0,0.001005,0.000343,0.335,0.014489,0.018648,0.000008,0,0.000006,0.001807,0,0,0,0.043478,0.006154,0.00081,0.001322,0,FALSE
0.031397,0.03352,0,0.035211,0.02311,0.013992,0.03,0.173863,0.06334,0.003966,0.014197,0.003091,0.02981,0.045455,0.024793,0.090909,0.369565,0.049231,0.024311,0.02115,0.033333,FALSE
0.076923,0.044693,0.032258,0.028169,0.040442,0.026311,0.055,0.089056,0.232472,0.00382,0.026619,0.002978,0.041554,0,0.066116,0,0.326087,0.153846,0.069287,0.074686,0.011111,TRUE
0.11146,0.072626,0.040323,0.06338,0.091183,0.066842,0.02,0.241959,0.217438,0.026361,0.066548,0.020549,0.094851,0.318182,0.173554,0.090909,0.391304,0.169231,0.088331,0.095836,0.072222,TRUE
0.00314,0,0,0,0.001758,0.00071,0.165,0.028977,0.019274,0.000034,0.000887,0.000026,0.001807,0,0,0,0.108696,0.006154,0.002026,0.001322,0,FALSE
0.109105,0.117318,0.129032,0.119718,0.105501,0.076817,0.01,0.423066,0.142871,0.052985,0.077196,0.041303,0.103884,0.272727,0.082645,0.090909,0.543478,0.141538,0.107374,0.102445,0.116667,TRUE
0.06044,0.022346,0,0.028169,0.042954,0.025433,0.025,0.191249,0.104635,0.007929,0.025732,0.006181,0.046974,0.136364,0.140496,0.090909,0.23913,0.061538,0.042545,0.043622,0.022222,FALSE
0.003925,0.005587,0,0,0.003517,0.001642,0.165,0.028977,0.044572,0.000078,0.001775,0.00006,0.003613,0,0,0,0.108696,0.021538,0.002836,0.004627,0.005556,FALSE
0.019623,0.01676,0,0.014085,0.013062,0.007367,0.055,0.086931,0.066689,0.001044,0.007098,0.000814,0.017164,0,0.024793,0,0.26087,0.04,0.013776,0.011897,0.016667,FALSE
0.00471,0,0,0,0.001256,0.000459,0.2,0.024148,0.014938,0.000018,0.000887,0.000014,0.00271,0,0.008264,0,0.086957,0.003077,0.001621,0.000661,0,FALSE
0.002355,0,0,0,0,0,0,0,0,0,0,0,0.000903,0,0,0,0,0,0,0,0,FALSE
0.00471,0.01676,0,0,0.008038,0.003813,0.095,0.051483,0.058233,0.00032,0.003549,0.00025,0.004517,0,0,0,0.108696,0.027692,0.006483,0.010575,0.016667,FALSE
0.080848,0.089385,0.032258,0.070423,0.089174,0.063864,0.02,0.215107,0.233581,0.022399,0.063886,0.017461,0.077687,0.113636,0.090909,0,0.326087,0.156923,0.086305,0.093853,0.088889,TRUE
0.000785,0,0,0,0.001005,0.000343,0.335,0.014489,0.018648,0.000008,0,0.000006,0,0,0,0,0,0,0,0,0,FALSE
0.006279,0,0,0,0.003014,0.001219,0.125,0.038636,0.024816,0.000077,0.000887,0.00006,0.00271,0.045455,0.016529,0,0.108696,0.009231,0.003241,0.002644,0,FALSE
0.049451,0.022346,0,0.028169,0.047224,0.029746,0.03,0.151067,0.154917,0.007327,0.030169,0.005712,0.045167,0,0.057851,0,0.23913,0.086154,0.046596,0.048249,0.022222,FALSE
0.014129,0.01676,0,0,0.010801,0.005205,0.045,0.111755,0.036645,0.000948,0.005324,0.000739,0.01355,0,0.008264,0,0.173913,0.021538,0.01013,0.011897,0.016667,FALSE
0.003925,0,0,0,0.003517,0.001474,0.215,0.022506,0.051462,0.000054,0.001775,0.000042,0.003613,0,0,0,0.065217,0.018462,0.002836,0.004627,0,FALSE
0.002355,0,0,0,0.000754,0.000237,0.335,0.014489,0.012842,0.000006,0,0.000004,0.001807,0,0,0,0.043478,0.003077,0.00081,0.000661,0,FALSE
0.103611,0.111732,0.064516,0.077465,0.102236,0.076495,0.02,0.267555,0.224931,0.033371,0.076309,0.026014,0.088528,0.159091,0.165289,0.545455,0.413043,0.187692,0.096434,0.111699,0.111111,TRUE
0.000785,0,0,0,0,0,0,0,0,0,0,0,0,0,0,0,0.043478,0.006154,0.00081,0.001322,0,FALSE
0.010989,0.005587,0,0,0.004521,0.002195,0.165,0.028977,0.059606,0.000104,0.001775,0.000081,0.003613,0,0,0,0.152174,0.055385,0.009319,0.014541,0.005556,TRUE
0.015699,0.022346,0,0.014085,0.01683,0.00922,0.045,0.102193,0.071026,0.001536,0.008873,0.001197,0.01626,0,0.008264,0,0.217391,0.04,0.017018,0.016523,0.022222,FALSE
0.00471,0.01676,0,0,0.008038,0.003813,0.095,0.051483,0.058233,0.00032,0.003549,0.00025,0.004517,0,0,0,0.108696,0.027692,0.006483,0.010575,0.016667,FALSE
0.002355,0,0,0,0.000754,0.000237,0.335,0.014489,0.012842,0.000006,0,0.000004,0.001807,0,0,0,0.043478,0.003077,0.00081,0.000661,0,FALSE
0.00471,0,0,0,0.007033,0.001991,0.06,0.079687,0.01966,0.000259,0.001775,0.000202,0.004517,0,0,0,0.021739,0.030769,0.002836,0.00727,0,FALSE
0.003925,0,0,0,0.002512,0.000976,0.11,0.043466,0.01766,0.000069,0.000887,0.000054,0.003613,0,0,0,0.108696,0.006154,0.002836,0.001983,0,FALSE
0.017268,0.005587,0,0.007042,0.020849,0.012068,0.05,0.100357,0.094637,0.001974,0.012422,0.001539,0.01626,0,0.016529,0,0.217391,0.055385,0.019854,0.022472,0.005556,FALSE
0.05887,0.050279,0.024194,0.042254,0.045968,0.030056,0.015,0.283976,0.083289,0.013914,0.030169,0.010846,0.054201,0.068182,0.07438,0,0.434783,0.076923,0.045786,0.046266,0.05,TRUE
0.002355,0,0,0,0.001005,0.000343,0.335,0.014489,0.018648,0.000008,0,0.000006,0.001807,0,0,0,0.043478,0.006154,0.00081,0.001322,0,FALSE
0.010204,0.011173,0,0.007042,0.008038,0.004218,0.085,0.055346,0.059991,0.00038,0.004437,0.000297,0.01084,0,0,0,0.173913,0.033846,0.007293,0.009253,0.011111,TRUE
0.022763,0.005587,0,0.007042,0.015574,0.008652,0.05,0.094852,0.071773,0.001338,0.008873,0.001043,0.017164,0.022727,0.066116,0,0.217391,0.043077,0.014992,0.016523,0.005556,FALSE
0.005495,0,0,0,0.003266,0.001312,0.285,0.016903,0.0611,0.000036,0.000887,0.000028,0.00542,0,0,0,0.043478,0.018462,0.002431,0.004627,0,FALSE
0.008634,0,0,0,0.005526,0.00259,0.08,0.060369,0.033754,0.000255,0.002662,0.000199,0.00542,0,0.016529,0,0.195652,0.012308,0.006888,0.003305,0,FALSE
0.00471,0,0,0,0.004019,0.001739,0.335,0.014489,0.094468,0.000041,0.001775,0.000032,0.004517,0,0,0,0.043478,0.018462,0.003241,0.005288,0,FALSE
0.002355,0,0,0,0.001005,0.000343,0.25,0.019318,0.013974,0.000011,0,0.000008,0.001807,0,0,0,0.065217,0.003077,0.001216,0.000661,0,FALSE
0.029827,0.03352,0,0.021127,0.022105,0.012372,0.04,0.128369,0.075869,0.002588,0.012422,0.002017,0.030714,0,0.024793,0,0.23913,0.043077,0.023096,0.020489,0.033333,TRUE
0.015699,0.005587,0,0.007042,0.015323,0.008294,0.06,0.081715,0.079868,0.001105,0.007986,0.000861,0.014453,0,0.024793,0,0.195652,0.04,0.015802,0.014541,0.005556,FALSE
0.002355,0,0,0,0.000754,0.000237,0.335,0.014489,0.012842,0.000006,0,0.000004,0.001807,0,0,0,0.043478,0.003077,0.00081,0.000661,0,FALSE
0.019623,0.01676,0,0.021127,0.01256,0.005892,0.045,0.108664,0.042669,0.001044,0.006211,0.000814,0.017164,0,0.041322,0,0.173913,0.018462,0.014182,0.009914,0.016667,FALSE
0.032967,0.027933,0.032258,0.028169,0.026375,0.016683,0.02,0.217328,0.060401,0.005911,0.016859,0.004607,0.028907,0,0.07438,0,0.413043,0.061538,0.024311,0.029742,0.027778,TRUE
0.014914,0.005587,0,0.007042,0.013313,0.007224,0.06,0.078045,0.072857,0.000919,0.007098,0.000716,0.01355,0,0.016529,0,0.195652,0.04,0.012966,0.01388,0.005556,FALSE
0.002355,0,0,0,0.000754,0.000237,0.335,0.014489,0.012842,0.000006,0,0.000004,0.001807,0,0,0,0.043478,0.003077,0.00081,0.000661,0,FALSE
0.015699,0.005587,0,0.007042,0.008038,0.003989,0.07,0.068966,0.045487,0.000449,0.003549,0.00035,0.01355,0.022727,0.016529,0,0.195652,0.021538,0.008914,0.006609,0.005556,FALSE
0.002355,0,0,0,0.001005,0.000343,0.335,0.014489,0.018648,0.000008,0,0.000006,0.001807,0,0,0,0.043478,0.006154,0.00081,0.001322,0,FALSE
0.021978,0.011173,0,0.014085,0.017835,0.009888,0.045,0.102482,0.075941,0.001652,0.00976,0.001287,0.019874,0.022727,0.024793,0,0.217391,0.043077,0.017828,0.017845,0.011111,FALSE
0.002355,0,0,0,0.000754,0.000237,0.335,0.014489,0.012842,0.000006,0,0.000004,0.001807,0,0,0,0.043478,0.003077,0.00081,0.000661,0,FALSE
0.003925,0,0,0,0.003266,0.001432,0.2,0.024148,0.046668,0.000056,0.001775,0.000044,0.00271,0,0,0,0.086957,0.018462,0.002836,0.003966,0,FALSE
0.05416,0.027933,0,0.021127,0.043708,0.028254,0.025,0.193181,0.115092,0.008898,0.028394,0.006936,0.046974,0.068182,0.07438,0.090909,0.326087,0.086154,0.042139,0.046266,0.027778,FALSE
0.043171,0.03352,0.016129,0.035211,0.035167,0.023412,0.02,0.216459,0.08512,0.008261,0.02307,0.006439,0.044264,0.022727,0.033058,0,0.456522,0.083077,0.034441,0.036352,0.033333,FALSE
0.075353,0.039106,0.048387,0.049296,0.061291,0.040681,0.025,0.189317,0.169084,0.012555,0.040816,0.009787,0.065041,0.022727,0.165289,0,0.282609,0.107692,0.059157,0.064772,0.038889,FALSE
0.115385,0.083799,0.056452,0.070423,0.032655,0.020029,0.05,0.093499,0.168554,0.003053,0.020408,0.00238,0.03252,0.022727,0.066116,0,0.478261,0.150769,0.096029,0.097158,0.005556,TRUE
0.016484,0.011173,0,0.014085,0.012308,0.006495,0.07,0.068869,0.074254,0.000729,0.006211,0.000568,0.014453,0.045455,0.016529,0,0.173913,0.036923,0.012156,0.012558,0.011111,FALSE
0.002355,0,0,0,0.000754,0.000237,0.335,0.014489,0.012842,0.000006,0,0.000004,0.001807,0,0,0,0.043478,0.003077,0.00081,0.000661,0,FALSE
0.002355,0,0,0,0.000754,0.000237,0.335,0.014489,0.012842,0.000006,0,0.000004,0.001807,0,0,0,0.043478,0.003077,0.00081,0.000661,0,FALSE
0.042386,0.050279,0,0.035211,0.030394,0.019455,0.025,0.187482,0.081651,0.005947,0.019521,0.004636,0.033424,0.045455,0.082645,0.363636,0.391304,0.070769,0.029984,0.031064,0.05,FALSE
0.002355,0,0,0,0.001005,0.000343,0.25,0.019318,0.013974,0.000011,0,0.000008,0.001807,0,0,0,0.065217,0.003077,0.001216,0.000661,0,FALSE
0.002355,0,0,0,0.000754,0.000237,0.335,0.014489,0.012842,0.000006,0,0.000004,0.001807,0,0,0,0.043478,0.003077,0.00081,0.000661,0,FALSE
0.002355,0,0,0,0.000754,0.000237,0.335,0.014489,0.012842,0.000006,0,0.000004,0.001807,0,0,0,0.043478,0.003077,0.00081,0.000661,0,FALSE
0.007849,0.005587,0,0.007042,0.004521,0.002014,0.07,0.067613,0.023442,0.000222,0.001775,0.000173,0.007227,0,0.008264,0,0.152174,0.012308,0.004457,0.004627,0.005556,FALSE
0.036107,0.011173,0,0.014085,0.028636,0.016849,0.05,0.101227,0.131017,0.002779,0.016859,0.002167,0.03252,0,0.057851,0,0.195652,0.064615,0.028363,0.029081,0.011111,FALSE
0.002355,0,0,0,0.000754,0.000237,0.335,0.014489,0.012842,0.000006,0,0.000004,0.001807,0,0,0,0.043478,0.003077,0.00081,0.000661,0,FALSE
0.029827,0.01676,0,0.007042,0.026124,0.015384,0.035,0.134164,0.090204,0.003366,0.015084,0.002624,0.026197,0.022727,0.033058,0.181818,0.23913,0.058462,0.024311,0.029081,0.016667,FALSE
0.002355,0,0,0,0.000754,0.000237,0.335,0.014489,0.012842,0.000006,0,0.000004,0.001807,0,0,0,0.043478,0.003077,0.00081,0.000661,0,FALSE
0.079278,0.111732,0.056452,0.06338,0.0736,0.050266,0.02,0.267845,0.147689,0.021948,0.050577,0.017109,0.071364,0.090909,0.123967,0.181818,0.369565,0.113846,0.072528,0.075347,0.111111,TRUE
0.002355,0,0,0,0.000754,0.000237,0.335,0.014489,0.012842,0.000006,0,0.000004,0.001807,0,0,0,0.043478,0.003077,0.00081,0.000661,0,FALSE
0.151491,0.122905,0,0.070423,0.12635,0.094758,0.01,0.419299,0.17783,0.064772,0.094942,0.050492,0.123758,0.522727,0.239669,0.090909,0.543478,0.172308,0.128039,0.123596,0.122222,TRUE
0.077708,0.044693,0,0.049296,0.059784,0.04175,0.025,0.212595,0.154484,0.014471,0.041704,0.01128,0.065944,0.113636,0.140496,0,0.391304,0.126154,0.057942,0.062789,0.044444,FALSE
0.003925,0,0,0,0.001005,0.000343,0.335,0.014489,0.018648,0.000008,0,0.000006,0.001807,0,0.016529,0,0.043478,0.006154,0.00081,0.001322,0,FALSE
0.006279,0.005587,0,0,0.005024,0.00259,0.125,0.038636,0.052739,0.000163,0.002662,0.000127,0.007227,0,0,0,0.152174,0.030769,0.004052,0.006609,0.005556,FALSE
0.002355,0,0,0,0.000754,0.000237,0.335,0.014489,0.012842,0.000006,0,0.000004,0.001807,0,0,0,0.043478,0.003077,0.00081,0.000661,0,FALSE
0.021193,0.005587,0,0.007042,0.01482,0.00824,0.06,0.08046,0.080567,0.001081,0.007986,0.000843,0.01897,0,0.041322,0,0.195652,0.046154,0.013776,0.016523,0.005556,FALSE
0.044741,0.01676,0,0.014085,0.034916,0.022325,0.03,0.158312,0.110972,0.005761,0.022183,0.004491,0.039747,0.022727,0.082645,0,0.304348,0.083077,0.032415,0.038995,0.016667,TRUE
0.039246,0.027933,0.024194,0.035211,0.023863,0.014443,0.035,0.133488,0.085168,0.003142,0.014197,0.002449,0.03794,0.068182,0.033058,0,0.304348,0.058462,0.024311,0.023133,0.027778,TRUE
0.002355,0,0,0,0.000754,0.000237,0.335,0.014489,0.012842,0.000006,0,0.000004,0.001807,0,0,0,0.043478,0.003077,0.00081,0.000661,0,FALSE
0.002355,0,0,0,0.001256,0.000459,0.25,0.019318,0.018672,0.000014,0.000887,0.000011,0.001807,0,0,0,0.065217,0.006154,0.001216,0.001322,0,FALSE
0.002355,0,0,0,0.001005,0.000343,0.335,0.014489,0.018648,0.000008,0,0.000006,0.001807,0,0,0,0.043478,0.006154,0.00081,0.001322,0,FALSE
0.015699,0.011173,0.016129,0.007042,0.010299,0.005539,0.035,0.144886,0.030092,0.001308,0.005324,0.00102,0.014453,0,0.024793,0,0.304348,0.021538,0.01094,0.009253,0.011111,FALSE
0.002355,0,0,0,0.000754,0.000237,0.335,0.014489,0.012842,0.000006,0,0.000004,0.001807,0,0,0,0.043478,0.003077,0.00081,0.000661,0,FALSE
0.062794,0.03352,0,0.042254,0.051746,0.033619,0.02,0.219936,0.120296,0.012053,0.033718,0.009395,0.056007,0.090909,0.090909,0,0.347826,0.086154,0.053079,0.04957,0.033333,TRUE
0.00314,0,0,0,0.001758,0.00071,0.165,0.028977,0.019274,0.000034,0.000887,0.000026,0.001807,0,0,0,0.108696,0.006154,0.002026,0.001322,0,FALSE
0.002355,0,0,0,0.001005,0.000343,0.25,0.019318,0.013974,0.000011,0,0.000008,0.001807,0,0,0,0.065217,0.003077,0.001216,0.000661,0,FALSE
0.05573,0.061453,0.032258,0.035211,0.049987,0.033209,0.02,0.224379,0.116489,0.012145,0.032831,0.009467,0.056911,0,0.049587,0,0.369565,0.095385,0.048217,0.052875,0.061111,TRUE
0.002355,0,0,0,0.000754,0.000237,0.335,0.014489,0.012842,0.000006,0,0.000004,0.001807,0,0,0,0.043478,0.003077,0.00081,0.000661,0,FALSE
0.00314,0,0,0,0.001005,0.000343,0.335,0.014489,0.018648,0.000008,0,0.000006,0.001807,0,0,0.090909,0.043478,0.006154,0.00081,0.001322,0,FALSE
0.007849,0,0,0,0.003014,0.001079,0.2,0.024148,0.035176,0.000042,0.000887,0.000033,0.003613,0.068182,0.016529,0,0.086957,0.006154,0.004052,0.001322,0,FALSE
0.002355,0,0,0,0.00201,0.000747,0.335,0.014489,0.040572,0.000018,0.000887,0.000014,0.001807,0,0,0,0.043478,0.012308,0.001621,0.002644,0,FALSE
0.043956,0.039106,0.056452,0.049296,0.03994,0.023218,0.04,0.126244,0.144702,0.004779,0.02307,0.003725,0.04065,0.090909,0.049587,0,0.173913,0.064615,0.039708,0.040317,0.038889,TRUE
0.05259,0.022346,0,0.014085,0.018839,0.010305,0.04,0.118516,0.068424,0.001991,0.010648,0.001552,0.022584,0,0.033058,0,0.23913,0.073846,0.037682,0.048249,0.022222,FALSE
0.014914,0.005587,0,0.007042,0.008038,0.00407,0.085,0.057954,0.055245,0.000384,0.004437,0.0003,0.014453,0,0.008264,0,0.173913,0.027692,0.008104,0.007931,0.005556,FALSE
0.405024,0.47486,0.274194,0.316901,0.336348,0.286843,0.01,0.519366,0.434612,0.24286,0.286602,0.189317,0.36224,1,0.46281,0.545455,0.521739,0.387692,0.322934,0.358229,0.472222,TRUE
0.002355,0,0,0,0.001005,0.000343,0.335,0.014489,0.018648,0.000008,0,0.000006,0.001807,0,0,0,0.043478,0.006154,0.00081,0.001322,0,FALSE
0.043956,0.01676,0,0.014085,0.033911,0.021957,0.03,0.170289,0.101479,0.006095,0.022183,0.004752,0.038844,0,0.099174,0,0.347826,0.083077,0.03201,0.037013,0.016667,FALSE
0.010204,0.005587,0,0,0.002512,0.001081,0.135,0.036221,0.023466,0.000064,0.000887,0.00005,0.00271,0.204545,0,0,0.108696,0.012308,0.002026,0.003305,0.005556,FALSE
0.005495,0,0,0,0.001758,0.000664,0.25,0.019318,0.027056,0.000021,0.000887,0.000016,0.00271,0,0.016529,0,0.065217,0.009231,0.001621,0.001983,0,FALSE
0.127159,0.083799,0.096774,0.070423,0.110274,0.080284,0.015,0.311504,0.202718,0.040787,0.079858,0.031795,0.125565,0.045455,0.165289,0,0.391304,0.163077,0.104943,0.118969,0.083333,TRUE
0.005495,0,0,0,0.003014,0.001219,0.335,0.014489,0.066183,0.000029,0.000887,0.000022,0.003613,0,0.008264,0,0.043478,0.018462,0.002431,0.003966,0,FALSE
0.002355,0,0,0,0.000754,0.000237,0.335,0.014489,0.012842,0.000006,0,0.000004,0.001807,0,0,0,0.043478,0.003077,0.00081,0.000661,0,FALSE
0.00157,0,0,0,0,0,0,0,0,0,0,0,0.000903,0,0,0,0,0,0,0,0,FALSE
0.000078,0.002235,0.003226,0.002817,0.000075,0.000038,0.65,0.012557,0.003132,0.000001,0.11535,0.000008,0.001807,0.045455,0.016529,0.181818,0.004348,0.003692,0.000081,0.000793,0.001111,FALSE
0.003925,0,0,0,0.000754,0.000237,0.335,0.014489,0.012842,0.000006,0,0.000004,0.001807,0,0.016529,0,0.043478,0.003077,0.00081,0.000661,0,FALSE
0.00157,0,0,0,0,0,0,0,0,0,0,0,0.000903,0,0,0,0,0,0,0,0,FALSE
0.002355,0,0,0,0.001005,0.000343,0.335,0.014489,0.018648,0.000008,0,0.000006,0.001807,0,0,0,0.043478,0.006154,0.00081,0.001322,0,FALSE
0.070644,0.039106,0.040323,0.042254,0.055262,0.036886,0.02,0.260504,0.11143,0.015663,0.037267,0.01221,0.066847,0,0.123967,0,0.391304,0.095385,0.053485,0.058163,0.038889,FALSE
0.048666,0.039106,0.048387,0.042254,0.04848,0.033169,0.025,0.185647,0.14063,0.010036,0.032831,0.007824,0.044264,0.045455,0.082645,0,0.369565,0.113846,0.046191,0.052214,0.038889,TRUE
0.005495,0,0,0,0.002261,0.000937,0.25,0.019318,0.038187,0.00003,0.000887,0.000023,0.00271,0,0,0.090909,0.065217,0.015385,0.001621,0.003305,0,FALSE
0.014914,0.01676,0.016129,0.014085,0.009797,0.005275,0.035,0.144886,0.028646,0.001246,0.005324,0.000971,0.014453,0,0.016529,0,0.304348,0.021538,0.01013,0.009253,0.016667,FALSE
0.002355,0,0,0,0.000754,0.000237,0.335,0.014489,0.012842,0.000006,0,0.000004,0.001807,0,0,0,0.043478,0.003077,0.00081,0.000661,0,FALSE
0.008634,0.005587,0,0.007042,0.004773,0.002252,0.06,0.078238,0.022647,0.000287,0.002662,0.000224,0.006323,0,0.024793,0,0.173913,0.015385,0.004052,0.005948,0.005556,FALSE
0.002355,0,0,0,0.000754,0.000237,0.335,0.014489,0.012842,0.000006,0,0.000004,0.001807,0,0,0,0.043478,0.003077,0.00081,0.000661,0,FALSE
0.033752,0.027933,0.040323,0.035211,0.030897,0.019774,0.025,0.212499,0.073218,0.00685,0.019521,0.00534,0.031617,0.022727,0.041322,0,0.434783,0.064615,0.03201,0.029081,0.027778,FALSE
0.002355,0,0,0,0.001005,0.000343,0.25,0.019318,0.013974,0.000011,0,0.000008,0.001807,0,0,0,0.065217,0.003077,0.001216,0.000661,0,TRUE
0.036892,0.011173,0,0.014085,0.020849,0.012068,0.03,0.172414,0.0551,0.003391,0.012422,0.002644,0.030714,0.113636,0.041322,0,0.326087,0.04,0.02188,0.019167,0.011111,FALSE
0.034537,0.027933,0,0.014085,0.025873,0.016256,0.035,0.141119,0.090662,0.003739,0.015972,0.002915,0.031617,0.022727,0.041322,0.090909,0.326087,0.070769,0.024716,0.027759,0.027778,FALSE
0.003925,0,0,0,0.003517,0.001474,0.215,0.022506,0.051462,0.000054,0.001775,0.000042,0.003613,0,0,0,0.065217,0.018462,0.002836,0.004627,0,FALSE
0.00157,0,0,0,0,0,0,0,0,0,0,0,0.000903,0,0,0,0,0,0,0,0,FALSE
0.215071,0.128492,0.137097,0.140845,0.143431,0.110351,0.01,0.405197,0.214282,0.0729,0.110027,0.056828,0.176152,0.863636,0.322314,0.090909,0.543478,0.203077,0.145057,0.14078,0.127778,TRUE
0.002355,0,0,0,0.00201,0.000747,0,0,0,0,0.000887,0,0.001807,0,0,0,0.130435,0,0.003241,0,0,FALSE
0.05416,0.055866,0,0.056338,0.043708,0.028422,0.025,0.196465,0.113839,0.009103,0.028394,0.007096,0.051491,0.090909,0.049587,0,0.347826,0.086154,0.043355,0.044283,0.055556,TRUE
0.030612,0.01676,0,0.021127,0.025371,0.014654,0.045,0.112141,0.102829,0.002679,0.015084,0.002089,0.026197,0.022727,0.057851,0.090909,0.217391,0.055385,0.025527,0.025116,0.016667,FALSE
0.033752,0.005587,0,0.007042,0.016328,0.00967,0.045,0.107408,0.070857,0.001693,0.00976,0.00132,0.019874,0.272727,0.057851,0,0.282609,0.052308,0.015397,0.017845,0.005556,TRUE
0.042386,0.01676,0,0.014085,0.032655,0.02115,0.03,0.164204,0.101359,0.005662,0.021295,0.004413,0.03794,0,0.090909,0,0.347826,0.083077,0.030794,0.035691,0.016667,TRUE
0.011774,0.01676,0.016129,0.007042,0.012057,0.00704,0.06,0.082392,0.067219,0.000946,0.007098,0.000737,0.011743,0,0,0.090909,0.26087,0.049231,0.01094,0.01388,0.016667,FALSE
0.002355,0,0,0,0.001256,0.000459,0,0,0,0,0.000887,0,0.001807,0,0,0,0.108696,0,0.002026,0,0,FALSE
0.022763,0.011173,0.016129,0.007042,0.02939,0.018444,0.03,0.16459,0.088156,0.00495,0.018634,0.003859,0.031617,0.068182,0.057851,0,0.282609,0.033846,0.014992,0.01388,0.022222,FALSE
0.002355,0,0,0,0.001005,0.000343,0.335,0.014489,0.018648,0.000008,0,0.000006,0.001807,0,0,0,0.043478,0.006154,0.00081,0.001322,0,FALSE
0.034537,0.011173,0,0.014085,0.020849,0.012307,0.03,0.16488,0.058738,0.003307,0.012422,0.002578,0.025294,0.227273,0.041322,0,0.326087,0.046154,0.020665,0.02115,0.011111,FALSE
0.044741,0.067039,0.016129,0.028169,0.040693,0.025993,0.03,0.169033,0.121019,0.007163,0.025732,0.005583,0.03252,0.227273,0.066116,0.181818,0.282609,0.086154,0.037277,0.046266,0.066667,FALSE
0.034537,0.01676,0,0.021127,0.021854,0.012511,0.035,0.129721,0.075869,0.002646,0.012422,0.002063,0.0271,0.159091,0.033058,0,0.26087,0.046154,0.02269,0.020489,0.016667,FALSE
0.002355,0,0,0,0.001005,0.000343,0.335,0.014489,0.018648,0.000008,0,0.000006,0.001807,0,0,0,0.043478,0.006154,0.00081,0.001322,0,TRUE
0.048666,0.050279,0.024194,0.028169,0.039186,0.02454,0.025,0.175794,0.10984,0.007033,0.024845,0.005482,0.049684,0.045455,0.033058,0,0.282609,0.076923,0.036872,0.042961,0.05,FALSE
0.010989,0.011173,0,0.007042,0.007787,0.00409,0.075,0.062784,0.05127,0.000419,0.004437,0.000326,0.01084,0,0.008264,0,0.195652,0.030769,0.007293,0.008592,0.011111,FALSE
0.013344,0.005587,0,0.007042,0.010048,0.004956,0.065,0.076113,0.05127,0.000615,0.005324,0.000479,0.01084,0,0.016529,0,0.173913,0.024615,0.010535,0.009253,0.005556,FALSE
0.025903,0.027933,0.040323,0.035211,0.019844,0.011934,0.03,0.157346,0.059702,0.00306,0.011535,0.002386,0.02439,0.022727,0.033058,0,0.391304,0.043077,0.022285,0.015863,0.027778,TRUE
0.007064,0.005587,0,0.007042,0.00427,0.001908,0.07,0.067613,0.022214,0.00021,0.001775,0.000164,0.007227,0,0,0,0.152174,0.012308,0.004052,0.004627,0.005556,TRUE
0.00314,0,0,0,0.001507,0.000581,0.2,0.024148,0.018937,0.000023,0.000887,0.000018,0.001807,0.022727,0,0,0.086957,0.006154,0.001621,0.001322,0,FALSE
0.029827,0.01676,0.016129,0.014085,0.018588,0.010988,0.04,0.126823,0.068207,0.002271,0.010648,0.00177,0.0271,0.045455,0.041322,0,0.304348,0.049231,0.018639,0.018506,0.016667,FALSE
0.010989,0,0,0,0.013564,0.006648,0.085,0.055346,0.094565,0.0006,0.006211,0.000467,0.01084,0,0.008264,0,0.108696,0.033846,0.013371,0.01388,0,FALSE
0.012559,0.027933,0,0.028169,0.012308,0.006391,0.07,0.070801,0.071002,0.000738,0.006211,0.000575,0.011743,0,0.016529,0,0.152174,0.036923,0.01094,0.014541,0.027778,FALSE
0.00314,0,0,0,0.001005,0.000343,0.25,0.019318,0.013974,0.000011,0,0.000008,0.001807,0.022727,0,0,0.065217,0.003077,0.001216,0.000661,0,FALSE
0.010204,0.005587,0,0.007042,0.005275,0.002602,0.085,0.055926,0.036645,0.000237,0.002662,0.000185,0.007227,0,0.008264,0,0.173913,0.021538,0.004862,0.005948,0.005556,FALSE
0.000785,0,0,0,0.000754,0.000237,0.335,0.014489,0.012842,0.000006,0,0.000004,0,0,0,0,0.043478,0.003077,0.00081,0.000661,0,FALSE
0.077708,0.039106,0,0.049296,0.071841,0.046881,0.025,0.211147,0.174698,0.01614,0.047028,0.012581,0.074074,0.045455,0.107438,0,0.26087,0.101538,0.070908,0.073364,0.038889,FALSE
0.005495,0,0,0,0.002261,0.000887,0.15,0.032165,0.021684,0.000047,0.000887,0.000036,0.003613,0,0.008264,0,0.086957,0.009231,0.002026,0.002644,0,FALSE
0.079278,0.072626,0,0.06338,0.063552,0.041252,0.025,0.182459,0.177902,0.012271,0.040816,0.009565,0.072267,0.090909,0.123967,0,0.26087,0.098462,0.06483,0.061467,0.072222,TRUE
0.002355,0,0,0,0.005526,0.00259,0.46,0.010432,0.194743,0.000044,0.002662,0.000034,0.003613,0,0,0,0,0,0,0,0,FALSE
0.045526,0.03352,0.048387,0.028169,0.033911,0.021548,0.03,0.166908,0.1016,0.005863,0.021295,0.00457,0.039747,0.045455,0.066116,0.181818,0.326087,0.076923,0.03282,0.035691,0.033333,TRUE
0.014914,0.005587,0,0.007042,0.007787,0.003868,0.08,0.059789,0.050932,0.000377,0.003549,0.000294,0.014453,0,0.008264,0,0.173913,0.024615,0.008104,0.00727,0.005556,FALSE
0.002355,0,0,0,0.001005,0.000343,0.335,0.014489,0.018648,0.000008,0,0.000006,0.001807,0,0,0,0.043478,0.006154,0.00081,0.001322,0,FALSE
0.016484,0.005587,0,0.007042,0.008289,0.004193,0.085,0.057954,0.056932,0.000396,0.004437,0.000309,0.007227,0.022727,0.033058,0,0.195652,0.043077,0.013371,0.015863,0,FALSE
0.005495,0,0,0,0.002261,0.000887,0.15,0.032165,0.021684,0.000047,0.000887,0.000036,0.003613,0,0.008264,0,0.086957,0.009231,0.002026,0.002644,0,FALSE
0.00157,0,0,0,0,0,0,0,0,0,0,0,0.000903,0,0,0,0,0,0,0,0,FALSE
0.006279,0,0,0,0.002261,0.000887,0.15,0.032165,0.021684,0.000047,0.000887,0.000036,0.003613,0,0.016529,0,0.086957,0.009231,0.002026,0.002644,0,FALSE
0.00157,0,0,0,0,0,0,0,0,0,0,0,0.000903,0,0,0,0,0,0,0,0,FALSE
0.039246,0.027933,0,0.028169,0.031148,0.018806,0.025,0.197431,0.074953,0.006054,0.018634,0.004719,0.031617,0.045455,0.090909,0,0.326087,0.055385,0.031605,0.030403,0.027778,FALSE
0.00314,0,0,0,0.000754,0.000237,0.335,0.014489,0.012842,0.000006,0,0.000004,0.001807,0,0.008264,0,0.043478,0.003077,0.00081,0.000661,0,FALSE
0.010204,0.011173,0,0,0.007787,0.003785,0.11,0.043466,0.06852,0.000268,0.003549,0.000209,0.00813,0,0.024793,0,0.108696,0.030769,0.006483,0.009914,0.011111,TRUE
0.064364,0.03352,0,0.035211,0.055765,0.034355,0.02,0.258669,0.104515,0.014488,0.034605,0.011294,0.059621,0.022727,0.099174,0,0.282609,0.070769,0.054295,0.058163,0.033333,FALSE
1,1,1,1,1,1,0.005,0.786922,1,1,1,1,1,0.886364,1,0.545455,0.73913,1,1,1,1,TRUE
0.040031,0.01676,0,0.014085,0.024617,0.015252,0.03,0.164687,0.072857,0.004095,0.015084,0.003192,0.033424,0.113636,0.049587,0,0.369565,0.058462,0.025122,0.023794,0.016667,FALSE
0.06044,0.027933,0.032258,0.035211,0.075609,0.050406,0.02,0.252294,0.15723,0.020729,0.050577,0.016159,0.060524,0.113636,0.033058,0,0.326087,0.104615,0.076985,0.073364,0.027778,FALSE
0.028257,0.005587,0,0.007042,0.018588,0.010169,0.05,0.10142,0.078904,0.001681,0.00976,0.001311,0.023487,0.113636,0.041322,0,0.130435,0.052308,0.009319,0.033708,0.005556,TRUE
0.062009,0.039106,0,0.035211,0.050741,0.032576,0.03,0.165556,0.154821,0.008791,0.032831,0.006853,0.052394,0.181818,0.090909,0,0.282609,0.089231,0.053079,0.046927,0.038889,TRUE
0.032967,0.011173,0,0.014085,0.020598,0.011254,0.06,0.079687,0.111141,0.001462,0.011535,0.00114,0.02168,0.090909,0.066116,0,0.152174,0.049231,0.019854,0.021811,0.011111,TRUE
0.002355,0,0,0,0.000754,0.000237,0.335,0.014489,0.012842,0.000006,0,0.000004,0.001807,0,0,0,0.043478,0.003077,0.00081,0.000661,0,FALSE
0.002355,0,0,0,0.001005,0.000343,0.335,0.014489,0.018648,0.000008,0,0.000006,0.001807,0,0,0,0.043478,0.006154,0.00081,0.001322,0,FALSE
0.022763,0.027933,0,0.014085,0.015574,0.008183,0.065,0.077272,0.083337,0.001031,0.007986,0.000804,0.018067,0.068182,0.033058,0.090909,0.152174,0.04,0.014587,0.017184,0.027778,FALSE
0.00471,0,0,0,0.002261,0.000887,0.15,0.032165,0.021684,0.000047,0.000887,0.000036,0.003613,0,0,0,0.086957,0.009231,0.002026,0.002644,0,FALSE
0.032967,0.01676,0,0.021127,0.022105,0.0135,0.03,0.173863,0.0611,0.003826,0.01331,0.002983,0.025294,0.159091,0.049587,0,0.369565,0.052308,0.02188,0.022472,0.016667,FALSE
0.007849,0.005587,0,0.007042,0.004521,0.002079,0.09,0.054091,0.030261,0.000183,0.001775,0.000143,0.007227,0,0.008264,0,0.152174,0.015385,0.004457,0.004627,0.005556,FALSE
0.002355,0,0,0,0.00201,0.000747,0.165,0.028977,0.020286,0.000035,0.000887,0.000028,0.001807,0,0,0,0.108696,0.003077,0.002836,0.000661,0,FALSE
0.045526,0.044693,0.032258,0.035211,0.045968,0.029153,0.02,0.241862,0.09483,0.011496,0.029281,0.008961,0.039747,0.022727,0.082645,0,0.369565,0.070769,0.048217,0.0423,0.044444,TRUE
0.013344,0.005587,0,0.007042,0.008038,0.003904,0.05,0.09659,0.031803,0.000615,0.003549,0.000479,0.01084,0.022727,0.024793,0,0.195652,0.018462,0.008104,0.007931,0.005556,TRUE
0.079278,0.050279,0.056452,0.056338,0.06104,0.042964,0.02,0.239061,0.141425,0.016744,0.042591,0.013052,0.065041,0.272727,0.132231,0,0.456522,0.123077,0.061994,0.059484,0.05,TRUE
0.068289,0.039106,0.024194,0.035211,0.06104,0.041905,0.035,0.147493,0.223606,0.010074,0.041704,0.007853,0.060524,0.068182,0.090909,0,0.26087,0.132308,0.057536,0.066755,0.038889,FALSE
0.005495,0,0,0,0.003014,0.001277,0.135,0.036221,0.027755,0.000075,0.000887,0.000059,0.00542,0,0,0,0.108696,0.012308,0.002836,0.003305,0,FALSE
0.002355,0,0,0,0.000754,0.000237,0.335,0.014489,0.012842,0.000006,0,0.000004,0.001807,0,0,0,0.043478,0.003077,0.00081,0.000661,0,FALSE
0.00314,0.005587,0,0,0.003517,0.00159,0.165,0.028977,0.043174,0.000075,0.001775,0.000059,0.00271,0,0,0,0.108696,0.018462,0.003241,0.003966,0.005556,FALSE
0.002355,0,0,0,0.000754,0.000237,0.335,0.014489,0.012842,0.000006,0,0.000004,0.001807,0,0,0,0.043478,0.003077,0.00081,0.000661,0,TRUE
0.023548,0.022346,0,0.014085,0.018839,0.010305,0.04,0.118516,0.068424,0.001991,0.010648,0.001552,0.022584,0,0.033058,0,0.217391,0.058462,0.017018,0.023794,0.022222,FALSE
0.00471,0,0,0,0.003014,0.001079,0.1,0.048295,0.017588,0.000085,0.000887,0.000066,0.004517,0,0,0,0.086957,0.006154,0.003241,0.002644,0,FALSE
0.027473,0.022346,0,0.007042,0.025622,0.016211,0.045,0.106926,0.11926,0.002827,0.015972,0.002204,0.023487,0,0.041322,0.090909,0.26087,0.083077,0.02269,0.030403,0.022222,TRUE
0.070644,0.039106,0.048387,0.042254,0.063049,0.043469,0.02,0.24872,0.137522,0.017625,0.043478,0.013739,0.064137,0.113636,0.066116,0.181818,0.391304,0.116923,0.059968,0.068077,0.038889,TRUE
0.040031,0.03352,0,0.021127,0.033157,0.02049,0.04,0.120545,0.133764,0.004027,0.020408,0.003139,0.02981,0.136364,0.07438,0,0.23913,0.076923,0.032415,0.034369,0.033333,TRUE
0.093407,0.094972,0.120968,0.077465,0.088169,0.06098,0.02,0.216652,0.221462,0.021539,0.061224,0.01679,0.096658,0.045455,0.07438,0,0.282609,0.135385,0.085089,0.093192,0.094444,TRUE
0.003925,0.005587,0,0,0.011304,0.006394,0.1,0.047233,0.106563,0.000492,0.006211,0.000384,0.009033,0,0.016529,0,0.108696,0.027692,0.003647,0.005948,0.005556,FALSE
0.002355,0,0,0,0.000754,0.000237,0.335,0.014489,0.012842,0.000006,0,0.000004,0.001807,0,0,0,0.043478,0.003077,0.00081,0.000661,0,FALSE
0.00157,0,0,0,0,0,0,0,0,0,0,0,0.000903,0,0,0,0,0,0,0,0,FALSE
0.029827,0.01676,0,0.007042,0.020598,0.01269,0.025,0.183522,0.054402,0.003797,0.012422,0.002959,0.026197,0.022727,0.057851,0,0.391304,0.052308,0.019449,0.022472,0.016667,FALSE
0.008634,0.011173,0,0.007042,0.007033,0.003576,0.085,0.057954,0.048547,0.000338,0.003549,0.000263,0.00813,0,0.008264,0,0.173913,0.027692,0.006483,0.007931,0.011111,FALSE
0.006279,0,0,0,0.001758,0.000664,0.25,0.019318,0.027056,0.000021,0.000887,0.000016,0.003613,0,0.016529,0,0.065217,0.009231,0.001621,0.001983,0,FALSE
0.031397,0.039106,0.048387,0.042254,0.026124,0.015797,0.025,0.20651,0.060208,0.005317,0.015972,0.004145,0.028004,0.022727,0.041322,0.181818,0.369565,0.049231,0.026742,0.025116,0.038889,FALSE
0.007849,0.011173,0,0.007042,0.008289,0.004484,0.07,0.069545,0.05074,0.000508,0.004437,0.000396,0.00813,0,0,0,0.23913,0.030769,0.008509,0.007931,0.011111,TRUE
0.002355,0,0,0,0.000754,0.000237,0.335,0.014489,0.012842,0.000006,0,0.000004,0.001807,0,0,0,0.043478,0.003077,0.00081,0.000661,0,FALSE
0.008634,0.005587,0,0.007042,0.00427,0.001908,0.085,0.057954,0.0259,0.00018,0.001775,0.000141,0.007227,0,0.008264,0,0.152174,0.012308,0.004457,0.003966,0.005556,FALSE
0.042386,0.067039,0,0.084507,0.024868,0.014918,0.045,0.103641,0.113309,0.002519,0.015084,0.001964,0.036134,0,0.107438,0,0.26087,0.061538,0.026742,0.021811,0.066667,FALSE
0.000785,0,0,0,0.001005,0.000343,0.335,0.014489,0.018648,0.000008,0,0.000006,0,0,0,0,0.043478,0.006154,0.00081,0.001322,0,FALSE
0.136578,0.139665,0.08871,0.084507,0.125345,0.092385,0.015,0.284748,0.255288,0.042889,0.09228,0.033433,0.128275,0.159091,0.157025,0.363636,0.369565,0.178462,0.125203,0.125578,0.138889,TRUE
0.002355,0,0,0,0.001256,0.000459,0.2,0.024148,0.014938,0.000018,0.000887,0.000014,0.001807,0,0,0,0.086957,0.003077,0.001621,0.000661,0,FALSE
0.094976,0.027933,0.032258,0.028169,0.08842,0.061913,0.015,0.365112,0.133426,0.036851,0.062112,0.028726,0.082204,0.090909,0.181818,0,0.434783,0.123077,0.084279,0.095175,0.027778,TRUE
0.007849,0.005587,0,0.007042,0.004019,0.001802,0.085,0.057954,0.024478,0.00017,0.001775,0.000133,0.007227,0,0.008264,0,0.152174,0.012308,0.004052,0.003966,0.005556,FALSE
0.112245,0.072626,0.048387,0.070423,0.080633,0.057968,0.015,0.328504,0.138847,0.031045,0.057675,0.0242,0.095754,0.659091,0.057851,0,0.521739,0.132308,0.082658,0.07733,0.072222,FALSE
0.010204,0.005587,0,0.007042,0.005275,0.002602,0.085,0.055926,0.036645,0.000237,0.002662,0.000185,0.007227,0,0.008264,0,0.173913,0.021538,0.004862,0.005948,0.005556,FALSE
0.049451,0.01676,0,0.014085,0.022859,0.013724,0.07,0.068869,0.156893,0.00154,0.01331,0.0012,0.025294,0.636364,0.041322,0,0.173913,0.073846,0.021475,0.025116,0.016667,FALSE
0.021193,0.01676,0,0.021127,0.014569,0.007132,0.035,0.131073,0.042813,0.001524,0.007098,0.001188,0.019874,0.022727,0.024793,0,0.195652,0.021538,0.015802,0.012558,0.016667,FALSE
0.05887,0.044693,0.032258,0.035211,0.04622,0.031485,0.025,0.196658,0.126006,0.010092,0.031056,0.007867,0.050587,0.068182,0.082645,0.363636,0.391304,0.107692,0.044165,0.04957,0.044444,TRUE
0.00471,0,0,0,0.001005,0.000343,0,0,0,0,0,0,0.001807,0.045455,0.008264,0,0.086957,0,0.001621,0,0,FALSE
0.036107,0.005587,0,0.007042,0.096458,0.070248,0.015,0.333237,0.16588,0.038162,0.070098,0.029748,0.107498,0.136364,0.14876,0,0.217391,0.076923,0.034846,0.029081,0.083333,FALSE
0.019623,0.022346,0,0.007042,0.012811,0.006754,0.045,0.111562,0.047632,0.001228,0.007098,0.000958,0.02168,0,0,0,0.217391,0.030769,0.012156,0.01388,0.022222,FALSE
0.10832,0.173184,0.120968,0.06338,0.106757,0.079184,0.02,0.238192,0.261553,0.030752,0.078971,0.023972,0.106594,0.022727,0.132231,0.090909,0.347826,0.187692,0.100486,0.116986,0.172222,TRUE
0.003925,0,0,0,0.003517,0.001474,0.215,0.022506,0.051462,0.000054,0.001775,0.000042,0.003613,0,0,0,0.065217,0.018462,0.002836,0.004627,0,FALSE
0.011774,0.005587,0,0.007042,0.005526,0.00259,0.07,0.069545,0.029297,0.000294,0.002662,0.000229,0.01084,0,0.016529,0,0.173913,0.015385,0.005673,0.005288,0.005556,FALSE
0.035322,0.03352,0,0.021127,0.033157,0.020174,0.025,0.188351,0.084277,0.006195,0.020408,0.004829,0.034327,0.022727,0.016529,0,0.304348,0.061538,0.032415,0.034369,0.033333,TRUE
0.043171,0.011173,0,0.007042,0.071339,0.050944,0.03,0.174635,0.229557,0.014503,0.050577,0.011306,0.070461,0.068182,0.107438,0,0.217391,0.104615,0.042139,0.037673,0.044444,FALSE
0.036107,0.03352,0.040323,0.035211,0.041196,0.02754,0.02,0.238578,0.09083,0.010713,0.027507,0.008351,0.04336,0.068182,0.049587,0.090909,0.434783,0.061538,0.030794,0.023794,0.038889,FALSE
0.021978,0.005587,0,0.007042,0.026124,0.016412,0.065,0.074954,0.172337,0.002005,0.015972,0.001563,0.02168,0,0.016529,0,0.195652,0.089231,0.023906,0.029742,0.005556,FALSE
0.025118,0.005587,0,0.007042,0.013062,0.007367,0.07,0.070801,0.081844,0.000851,0.007098,0.000663,0.020777,0,0.041322,0,0.217391,0.046154,0.012966,0.013219,0.005556,FALSE
0.002355,0,0,0,0.001005,0.000343,0.335,0.014489,0.018648,0.000008,0,0.000006,0.001807,0,0,0,0.043478,0.006154,0.00081,0.001322,0,FALSE
0.007064,0.005587,0,0,0.004019,0.001739,0.08,0.05921,0.023129,0.000168,0.001775,0.000131,0.007227,0,0,0,0.130435,0.012308,0.003647,0.004627,0.005556,FALSE
0.002355,0,0,0,0.001005,0.000343,0.335,0.014489,0.018648,0.000008,0,0.000006,0.001807,0,0,0,0.043478,0.006154,0.00081,0.001322,0,FALSE
0.002355,0,0,0,0.000754,0.000237,0.335,0.014489,0.012842,0.000006,0,0.000004,0.001807,0,0,0,0.043478,0.003077,0.00081,0.000661,0,TRUE
0.021193,0.005587,0,0.007042,0.014569,0.007781,0.05,0.09659,0.063388,0.001225,0.007986,0.000955,0.01626,0,0.049587,0,0.195652,0.036923,0.013776,0.015863,0.005556,FALSE
0.005495,0,0,0,0.002261,0.000887,0.15,0.032165,0.021684,0.000047,0.000887,0.000036,0.003613,0,0.008264,0,0.086957,0.009231,0.002026,0.002644,0,FALSE
0.00314,0,0,0,0.001005,0.000343,0,0,0,0,0,0,0.001807,0,0,0,0.086957,0,0.001621,0,0,FALSE
0.075353,0.03352,0.016129,0.035211,0.053253,0.034793,0.03,0.15638,0.175107,0.008868,0.034605,0.006913,0.055104,0.590909,0.066116,0,0.282609,0.098462,0.055916,0.048909,0.033333,TRUE
0.002355,0,0,0,0.001005,0.000343,0.25,0.019318,0.013974,0.000011,0,0.000008,0.001807,0,0,0,0.065217,0.003077,0.001216,0.000661,0,FALSE
0.021978,0.011173,0,0.014085,0.020598,0.010946,0.035,0.140056,0.061509,0.002499,0.010648,0.001948,0.019874,0,0.033058,0.090909,0.217391,0.033846,0.021475,0.019167,0.011111,FALSE
0.05416,0.022346,0,0.028169,0.0422,0.025211,0.03,0.173863,0.114104,0.007146,0.024845,0.00557,0.04878,0.045455,0.099174,0,0.23913,0.064615,0.042545,0.041639,0.022222,TRUE
0.002355,0,0,0,0.001256,0.000459,0.2,0.024148,0.014938,0.000018,0.000887,0.000014,0.001807,0,0,0,0.086957,0.003077,0.001621,0.000661,0,FALSE
0.002355,0,0,0,0.000754,0.000237,0.335,0.014489,0.012842,0.000006,0,0.000004,0.001807,0,0,0,0.043478,0.003077,0.00081,0.000661,0,FALSE
0.021978,0.011173,0,0.014085,0.017835,0.009045,0.045,0.104318,0.068231,0.001538,0.008873,0.001199,0.020777,0.045455,0.016529,0,0.173913,0.030769,0.019044,0.015863,0.011111,FALSE
0.034537,0.044693,0.040323,0.042254,0.032906,0.020914,0.035,0.130204,0.126391,0.00444,0.021295,0.003461,0.03523,0.068182,0.008264,0,0.282609,0.083077,0.03201,0.034369,0.044444,TRUE
0.017268,0.011173,0,0.014085,0.01256,0.007089,0.05,0.09659,0.057751,0.001116,0.007098,0.00087,0.01626,0,0.024793,0,0.26087,0.04,0.012156,0.013219,0.011111,FALSE
0.008634,0.005587,0,0,0.006531,0.003264,0.12,0.040568,0.063316,0.000216,0.003549,0.000168,0.007227,0,0.008264,0,0.130435,0.030769,0.005673,0.007931,0.005556,TRUE
0.027473,0.039106,0.056452,0.028169,0.028134,0.017001,0.02,0.222737,0.060064,0.006174,0.016859,0.004813,0.023487,0.022727,0.049587,0.090909,0.369565,0.049231,0.028768,0.027098,0.038889,FALSE
0.035322,0.01676,0,0.021127,0.028385,0.016702,0.03,0.150005,0.087626,0.004084,0.016859,0.003183,0.031617,0.022727,0.057851,0.090909,0.26087,0.055385,0.028363,0.02842,0.016667,FALSE
0.087912,0.072626,0.056452,0.077465,0.066315,0.046101,0.025,0.197431,0.183757,0.014838,0.04614,0.011567,0.076784,0.204545,0.123967,0,0.347826,0.129231,0.066045,0.066755,0.072222,TRUE
0.11617,0.162011,0.120968,0.183099,0.097965,0.067151,0.015,0.286294,0.184576,0.031341,0.067436,0.024432,0.103884,0.454545,0.082645,0.181818,0.347826,0.12,0.102917,0.089888,0.161111,TRUE
0.083987,0.055866,0,0.049296,0.072344,0.048954,0.02,0.223027,0.172722,0.0178,0.048802,0.013876,0.076784,0,0.165289,0,0.304348,0.116923,0.069287,0.07733,0.055556,FALSE
0.000785,0,0,0,0.000754,0.000237,0.335,0.014489,0.012842,0.000006,0,0.000004,0,0,0,0,0.043478,0.003077,0.00081,0.000661,0,FALSE
0.003925,0,0,0,0.003517,0.001474,0.215,0.022506,0.051462,0.000054,0.001775,0.000042,0.003613,0,0,0,0.065217,0.018462,0.002836,0.004627,0,FALSE
0.026688,0.022346,0,0.021127,0.019091,0.011487,0.05,0.097363,0.092878,0.001822,0.011535,0.001421,0.0271,0,0.024793,0,0.26087,0.061538,0.018233,0.020489,0.022222,TRUE
0.029042,0.044693,0.032258,0.028169,0.024366,0.014491,0.035,0.132136,0.086277,0.003122,0.014197,0.002434,0.030714,0.022727,0.008264,0,0.26087,0.058462,0.023096,0.026438,0.044444,FALSE
0.002355,0,0,0,0.001005,0.000343,0.335,0.014489,0.018648,0.000008,0,0.000006,0.001807,0,0,0,0.043478,0.006154,0.00081,0.001322,0,FALSE
0.002355,0,0,0,0.001005,0.000343,0.335,0.014489,0.018648,0.000008,0,0.000006,0.001807,0,0,0,0.043478,0.006154,0.00081,0.001322,0,FALSE
0.002355,0,0,0,0.000754,0.000237,0.335,0.014489,0.012842,0.000006,0,0.000004,0.001807,0,0,0,0.043478,0.003077,0.00081,0.000661,0,FALSE
0.324961,0.324022,0.395161,0.352113,0.290882,0.248748,0.005,1,0.195731,0.40552,0.248447,0.316115,0.3243,0.795455,0.07438,0.909091,1,0.326154,0.279984,0.308658,0.291667,TRUE
0.005495,0,0,0,0.002261,0.000887,0.15,0.032165,0.021684,0.000047,0.000887,0.000036,0.003613,0,0.008264,0,0.086957,0.009231,0.002026,0.002644,0,FALSE
0.007849,0,0,0,0.006029,0.003195,0.135,0.036415,0.069074,0.00019,0.003549,0.000148,0.007227,0,0.008264,0,0.130435,0.04,0.004052,0.009253,0,FALSE
0.006279,0,0,0,0.000754,0.000187,0.665,0.007244,0.020359,0.000002,0,0.000002,0.001807,0,0,0,0.043478,0.006154,0.006888,0.00727,0,FALSE
0.002355,0,0,0,0.001005,0.000343,0.335,0.014489,0.018648,0.000008,0,0.000006,0.001807,0,0,0,0.043478,0.006154,0.00081,0.001322,0,FALSE
0.072998,0.027933,0,0.035211,0.057523,0.0395,0.025,0.21047,0.147689,0.013553,0.039929,0.010565,0.064137,0,0.165289,0.090909,0.369565,0.116923,0.055511,0.060806,0.027778,FALSE
0.063579,0.050279,0.024194,0.028169,0.045215,0.029566,0.025,0.206703,0.112586,0.009961,0.029281,0.007765,0.053297,0.045455,0.157025,0,0.347826,0.089231,0.043355,0.048249,0.05,FALSE
0.002355,0,0,0,0.000754,0.000237,0.335,0.014489,0.012842,0.000006,0,0.000004,0.001807,0,0,0,0.043478,0.003077,0.00081,0.000661,0,FALSE
0.014914,0.005587,0,0.007042,0.013313,0.006388,0.08,0.060852,0.082615,0.000634,0.006211,0.000494,0.012647,0.068182,0.008264,0,0.108696,0.030769,0.012966,0.01388,0.005556,FALSE
0.044741,0.050279,0.032258,0.035211,0.043959,0.028066,0.025,0.208056,0.106153,0.009519,0.028394,0.00742,0.045167,0.090909,0.016529,0,0.326087,0.08,0.042545,0.046266,0.05,TRUE
0.118524,0.055866,0.040323,0.070423,0.108264,0.077771,0.015,0.305998,0.199995,0.038795,0.078083,0.030242,0.102981,0.409091,0.140496,0,0.369565,0.153846,0.103323,0.116325,0.055556,TRUE
0.002355,0,0,0,0.001256,0.000459,0.2,0.024148,0.014938,0.000018,0.000887,0.000014,0.001807,0,0,0,0.086957,0.003077,0.001621,0.000661,0,FALSE
0.003925,0,0,0,0.003517,0.001474,0.215,0.022506,0.051462,0.000054,0.001775,0.000042,0.003613,0,0,0,0.065217,0.018462,0.002836,0.004627,0,FALSE
0.009419,0.005587,0,0.007042,0.008038,0.003989,0.05,0.09659,0.032501,0.000628,0.003549,0.00049,0.006323,0.022727,0.008264,0.181818,0.195652,0.021538,0.007293,0.009253,0.005556,FALSE
0.00471,0.005587,0,0.007042,0.002261,0.000887,0.11,0.043466,0.01607,0.000063,0.000887,0.000049,0.004517,0,0,0,0.108696,0.006154,0.002431,0.001983,0.005556,FALSE
0.002355,0,0,0,0.000754,0.000237,0.335,0.014489,0.012842,0.000006,0,0.000004,0.001807,0,0,0,0.043478,0.003077,0.00081,0.000661,0,FALSE
0.000785,0,0,0,0.000754,0.000237,0.335,0.014489,0.012842,0.000006,0,0.000004,0,0,0,0,0.043478,0.003077,0.00081,0.000661,0,FALSE
0.068289,0.050279,0.040323,0.035211,0.049485,0.033215,0.03,0.172221,0.151785,0.009324,0.032831,0.007269,0.059621,0.159091,0.090909,0,0.326087,0.107692,0.048217,0.051553,0.05,TRUE
0.047096,0.01676,0,0.014085,0.039689,0.025823,0.03,0.159374,0.1275,0.006709,0.025732,0.00523,0.044264,0,0.082645,0,0.304348,0.092308,0.037277,0.043622,0.016667,TRUE
0.00471,0,0,0,0.001758,0.000664,0.25,0.019318,0.027056,0.000021,0.000887,0.000016,0.003613,0,0.008264,0,0.065217,0.009231,0.001621,0.001983,0,FALSE
0.010989,0.011173,0,0.007042,0.012057,0.006263,0.06,0.082102,0.060015,0.000838,0.006211,0.000653,0.009033,0,0.024793,0,0.195652,0.030769,0.012561,0.011236,0.011111,FALSE
0.032182,0.011173,0,0.014085,0.025371,0.014944,0.035,0.132522,0.088734,0.003229,0.015084,0.002517,0.028004,0.045455,0.041322,0,0.26087,0.055385,0.025527,0.025116,0.011111,TRUE
0.007064,0,0,0,0.004019,0.001594,0.25,0.019318,0.064906,0.00005,0.001775,0.000039,0.004517,0,0,0,0.043478,0.024615,0.003241,0.005288,0,FALSE
0.00314,0,0,0,0.001005,0.000343,0,0,0,0,0,0,0.001807,0,0,0,0.086957,0,0.001621,0,0,FALSE
0.022763,0.027933,0.032258,0.021127,0.017835,0.010236,0.035,0.135227,0.059558,0.002257,0.010648,0.001759,0.018067,0.045455,0.041322,0,0.282609,0.043077,0.017423,0.018506,0.027778,FALSE
0.002355,0,0,0,0.000754,0.000237,0.335,0.014489,0.012842,0.000006,0,0.000004,0.001807,0,0,0,0.043478,0.003077,0.00081,0.000661,0,FALSE
0.002355,0,0,0,0.00201,0.000747,0,0,0,0,0.000887,0,0.001807,0,0,0,0.130435,0,0.003241,0,0,FALSE
0.002355,0,0,0,0.001005,0.000343,0.335,0.014489,0.018648,0.000008,0,0.000006,0.001807,0,0,0,0.043478,0.006154,0.00081,0.001322,0,FALSE
0.002355,0,0,0,0.000754,0.000237,0.335,0.014489,0.012842,0.000006,0,0.000004,0.001807,0,0,0,0.043478,0.003077,0.00081,0.000661,0,FALSE
0.007849,0.005587,0,0.007042,0.006531,0.00304,0.075,0.064426,0.037151,0.000319,0.002662,0.000249,0.00813,0,0,0,0.152174,0.018462,0.006483,0.006609,0.005556,FALSE
0.025118,0.01676,0.016129,0.021127,0.020849,0.012068,0.055,0.085579,0.110948,0.001684,0.012422,0.001313,0.02168,0.068182,0.024793,0.090909,0.217391,0.055385,0.02188,0.019167,0.016667,FALSE
0.063579,0.050279,0,0.06338,0.055011,0.034857,0.035,0.145175,0.188888,0.008251,0.034605,0.006432,0.065944,0,0.057851,0,0.217391,0.092308,0.055511,0.054197,0.05,FALSE
0.210361,0.256983,0.056452,0.211268,0.213765,0.165916,0.01,0.467884,0.279044,0.126551,0.165927,0.098651,0.178862,0.659091,0.214876,1,0.434783,0.230769,0.204619,0.228685,0.266667,TRUE
0.00314,0,0,0,0.001005,0.000343,0.335,0.014489,0.018648,0.000008,0,0.000006,0.001807,0,0,0,0.043478,0.006154,0.00081,0.001322,0,FALSE
0.072998,0.106145,0.129032,0.098592,0.069832,0.047701,0.025,0.200135,0.187587,0.015561,0.047915,0.012131,0.067751,0.159091,0.066116,0,0.326087,0.12,0.071718,0.066755,0.105556,TRUE
0.002355,0,0,0,0.000754,0.000237,0.335,0.014489,0.012842,0.000006,0,0.000004,0.001807,0,0,0,0.043478,0.003077,0.00081,0.000661,0,FALSE
0.003925,0.011173,0,0,0.005777,0.002626,0.105,0.045494,0.045391,0.000195,0.002662,0.000152,0.003613,0,0,0,0.108696,0.021538,0.004862,0.00727,0.011111,FALSE
0.078493,0.055866,0.024194,0.049296,0.077367,0.056197,0.02,0.216556,0.20426,0.019835,0.055901,0.015462,0.075881,0.022727,0.099174,0,0.369565,0.163077,0.071313,0.087244,0.055556,TRUE
0.002355,0,0,0,0.000754,0.000237,0.335,0.014489,0.012842,0.000006,0,0.000004,0.001807,0,0,0,0.043478,0.003077,0.00081,0.000661,0,FALSE
0.014914,0.011173,0.016129,0.014085,0.00427,0.00197,0.09,0.054091,0.028646,0.000174,0.001775,0.000135,0.004517,0,0,0,0.217391,0.024615,0.008914,0.009914,0.011111,FALSE
0.025118,0.027933,0.024194,0.021127,0.020849,0.012189,0.025,0.176664,0.054305,0.00351,0.012422,0.002736,0.023487,0.045455,0.024793,0,0.326087,0.043077,0.020665,0.02115,0.027778,FALSE
0.003925,0,0,0,0.001005,0.000343,0.335,0.014489,0.018648,0.000008,0,0.000006,0.00271,0,0.008264,0,0.043478,0.006154,0.00081,0.001322,0,FALSE
0.047881,0.027933,0.016129,0.028169,0.045968,0.030225,0.03,0.163045,0.145931,0.008031,0.030169,0.006261,0.049684,0.022727,0.033058,0,0.304348,0.098462,0.044976,0.047588,0.027778,FALSE
0.015699,0.005587,0,0.007042,0.008289,0.004193,0.075,0.066358,0.04968,0.000454,0.004437,0.000354,0.014453,0.022727,0.008264,0,0.195652,0.024615,0.008914,0.00727,0.005556,FALSE
0.003925,0,0,0,0.001005,0.000343,0.335,0.014489,0.018648,0.000008,0,0.000006,0.00271,0,0.008264,0,0.043478,0.006154,0.00081,0.001322,0,FALSE
0.002355,0,0,0,0.001507,0.000581,0.2,0.024148,0.018937,0.000023,0.000887,0.000018,0.001807,0,0,0,0.086957,0.006154,0.001621,0.001322,0,FALSE
0.009419,0.005587,0,0.007042,0.004773,0.002311,0.085,0.057954,0.031369,0.000218,0.002662,0.00017,0.007227,0,0.008264,0,0.173913,0.018462,0.004457,0.005288,0.005556,FALSE
0.009419,0,0,0,0.003266,0.001375,0.335,0.014489,0.074688,0.000032,0.001775,0.000025,0.003613,0,0.016529,0.181818,0.043478,0.021538,0.002431,0.004627,0,FALSE
0.043171,0.01676,0,0.021127,0.026124,0.016176,0.035,0.135033,0.094276,0.00356,0.015972,0.002775,0.039747,0.068182,0.024793,0,0.304348,0.067692,0.025527,0.027098,0.016667,TRUE
0.029042,0.01676,0,0.021127,0.020849,0.011942,0.055,0.085869,0.109454,0.001671,0.011535,0.001303,0.02439,0,0.041322,0,0.195652,0.055385,0.020665,0.02115,0.016667,FALSE
0.007064,0,0,0,0.002763,0.001125,0.125,0.038636,0.022912,0.000071,0.000887,0.000055,0.004517,0,0.024793,0,0.108696,0.009231,0.002836,0.002644,0,FALSE
0.010204,0.005587,0,0.007042,0.008038,0.004352,0.065,0.077272,0.044331,0.000548,0.004437,0.000427,0.009937,0.022727,0,0,0.217391,0.033846,0.006483,0.010575,0.005556,FALSE
0.005495,0,0,0,0.002261,0.000887,0.15,0.032165,0.021684,0.000047,0.000887,0.000036,0.003613,0,0.008264,0,0.086957,0.009231,0.002026,0.002644,0,TRUE
0.101256,0.072626,0.040323,0.070423,0.08415,0.057705,0.025,0.212499,0.21368,0.01999,0.057675,0.015583,0.093948,0.090909,0.14876,0.181818,0.282609,0.129231,0.082253,0.087244,0.072222,TRUE
0.002355,0,0,0,0.001005,0.000343,0.335,0.014489,0.018648,0.000008,0,0.000006,0.001807,0,0,0,0.043478,0.006154,0.00081,0.001322,0,FALSE
0.032967,0.011173,0,0.014085,0.017835,0.010236,0.03,0.161016,0.050041,0.002686,0.010648,0.002094,0.026197,0.090909,0.049587,0,0.326087,0.036923,0.018639,0.016523,0.011111,FALSE
0.010989,0,0,0,0.007787,0.00402,0.065,0.073022,0.043295,0.000479,0.004437,0.000373,0.00813,0,0.024793,0,0.217391,0.024615,0.008104,0.00727,0,FALSE
0.009419,0.005587,0,0.007042,0.00427,0.001908,0.085,0.057954,0.0259,0.00018,0.001775,0.000141,0.007227,0.022727,0.016529,0,0.152174,0.012308,0.004457,0.003966,0.005556,FALSE
0.002355,0,0,0,0.000754,0.000237,0.335,0.014489,0.012842,0.000006,0,0.000004,0.001807,0,0,0,0.043478,0.003077,0.00081,0.000661,0,FALSE
0.083203,0.044693,0.024194,0.042254,0.079377,0.056664,0.02,0.268811,0.165904,0.024828,0.056788,0.019354,0.075881,0,0.157025,0.090909,0.413043,0.141538,0.076175,0.0846,0.044444,TRUE
0.029042,0.005587,0,0.007042,0.017081,0.010466,0.1,0.048488,0.169879,0.000827,0.010648,0.000645,0.022584,0,0.016529,0,0.173913,0.08,0.015802,0.019167,0.005556,FALSE
0.00157,0,0,0,0,0,0,0,0,0,0,0,0.000903,0,0,0,0,0,0,0,0,FALSE
0.002355,0,0,0,0.000754,0.000237,0.335,0.014489,0.012842,0.000006,0,0.000004,0.001807,0,0,0,0.043478,0.003077,0.00081,0.000661,0,FALSE
0.11146,0.139665,0.096774,0.140845,0.10525,0.078069,0.015,0.358447,0.171373,0.04562,0.078083,0.035562,0.104788,0.159091,0.107438,0.454545,0.5,0.166154,0.102107,0.110377,0.138889,TRUE
0.009419,0.005587,0,0.007042,0.00427,0.00197,0.09,0.054091,0.028646,0.000174,0.001775,0.000135,0.007227,0,0.008264,0,0.152174,0.015385,0.004052,0.004627,0.005556,FALSE
0.069074,0.067039,0.040323,0.042254,0.059784,0.041918,0.025,0.196078,0.168217,0.013401,0.041704,0.010446,0.061427,0.136364,0.099174,0.090909,0.369565,0.132308,0.057131,0.064111,0.066667,TRUE
0.021193,0.022346,0,0.007042,0.019342,0.011428,0.045,0.111658,0.080567,0.002079,0.011535,0.001621,0.01626,0.045455,0.049587,0,0.26087,0.055385,0.018233,0.02115,0.022222,FALSE
0.013344,0.022346,0,0.007042,0.013313,0.006902,0.035,0.129817,0.041825,0.001461,0.007098,0.001139,0.01084,0.022727,0.024793,0,0.217391,0.027692,0.012561,0.014541,0.022222,FALSE
0.002355,0,0,0,0.000754,0.000237,0.335,0.014489,0.012842,0.000006,0,0.000004,0.001807,0,0,0,0.043478,0.003077,0.00081,0.000661,0,FALSE
0.010989,0.027933,0,0.028169,0.010801,0.005319,0.115,0.042113,0.099311,0.000365,0.005324,0.000285,0.011743,0,0,0,0.108696,0.033846,0.01094,0.010575,0.027778,FALSE
0.008634,0.005587,0,0.007042,0.003517,0.001535,0.115,0.042307,0.028574,0.000106,0.001775,0.000082,0.006323,0.022727,0.016529,0,0.130435,0.012308,0.003647,0.003305,0.005556,FALSE
0.021193,0.005587,0,0.007042,0.014569,0.007781,0.05,0.09659,0.063388,0.001225,0.007986,0.000955,0.01626,0,0.049587,0,0.195652,0.036923,0.013776,0.015863,0.005556,FALSE
0.015699,0.005587,0,0.007042,0.008792,0.004523,0.06,0.082778,0.042982,0.00061,0.004437,0.000476,0.014453,0,0.024793,0,0.23913,0.021538,0.01013,0.006609,0.005556,FALSE
0.002355,0,0,0,0.001507,0.000581,0.25,0.019318,0.023683,0.000018,0.000887,0.000014,0.001807,0,0,0,0.065217,0.009231,0.001216,0.001983,0,FALSE
0.00471,0.011173,0,0,0.009294,0.004774,0.05,0.099585,0.037705,0.000775,0.004437,0.000604,0.012647,0,0.008264,0,0.152174,0.015385,0.004052,0.004627,0.011111,FALSE
0.002355,0,0,0,0.000754,0.000237,0.335,0.014489,0.012842,0.000006,0,0.000004,0.001807,0,0,0,0.043478,0.003077,0.00081,0.000661,0,FALSE
0.050235,0.027933,0,0.035211,0.034665,0.021085,0.03,0.156959,0.10572,0.005395,0.021295,0.004206,0.046974,0.068182,0.057851,0.090909,0.26087,0.067692,0.03363,0.036352,0.027778,TRUE
0.003925,0,0,0,0.00201,0.000747,0.335,0.014489,0.040572,0.000018,0.000887,0.000014,0.003613,0,0,0,0.043478,0.012308,0.001621,0.002644,0,FALSE
0.002355,0,0,0,0.000754,0.000237,0.335,0.014489,0.012842,0.000006,0,0.000004,0.001807,0,0,0,0.043478,0.003077,0.00081,0.000661,0,FALSE
0.009419,0,0,0,0.007787,0.003868,0.065,0.07592,0.040115,0.000479,0.003549,0.000373,0.00542,0.068182,0.016529,0,0.195652,0.021538,0.008104,0.00727,0,FALSE
0.003925,0,0,0,0.002512,0.001031,0.145,0.033807,0.023997,0.000057,0.000887,0.000044,0.003613,0,0,0,0.130435,0.006154,0.003241,0.001322,0,FALSE
0.034537,0.044693,0,0.021127,0.049234,0.034272,0.02,0.225345,0.119669,0.012592,0.034605,0.009816,0.03252,0.045455,0.033058,0.090909,0.413043,0.12,0.042545,0.060145,0.044444,TRUE
0.005495,0.005587,0,0.007042,0.005024,0.002298,0.145,0.03313,0.054619,0.000124,0.002662,0.000097,0.00542,0,0,0,0.108696,0.021538,0.004862,0.005288,0.005556,FALSE
0.007849,0.005587,0,0.007042,0.00427,0.001908,0.07,0.067613,0.022214,0.00021,0.001775,0.000164,0.006323,0,0.008264,0.090909,0.152174,0.012308,0.004052,0.004627,0.005556,FALSE
0.051805,0.022346,0,0.028169,0.053253,0.035551,0.03,0.157829,0.177276,0.009146,0.035492,0.007129,0.045167,0.090909,0.07438,0.181818,0.26087,0.113846,0.048217,0.061467,0.022222,TRUE
0.00471,0,0,0,0.002512,0.001081,0.2,0.024148,0.035224,0.000043,0.000887,0.000033,0.00271,0,0,0.090909,0.086957,0.015385,0.002026,0.003305,0,FALSE
0.002355,0.005587,0,0,0.003014,0.00133,0.2,0.024148,0.043343,0.000052,0.000887,0.000041,0.001807,0,0,0,0.086957,0.018462,0.002431,0.003966,0.005556,FALSE
0.00157,0,0,0,0,0,0,0,0,0,0,0,0.000903,0,0,0,0,0,0,0,0,FALSE
0.007849,0.005587,0,0.007042,0.004521,0.002014,0.07,0.067613,0.023442,0.000222,0.001775,0.000173,0.007227,0,0.008264,0,0.152174,0.012308,0.004457,0.004627,0.005556,FALSE
0.010989,0.005587,0,0,0.009294,0.005011,0.065,0.07534,0.052354,0.000616,0.005324,0.00048,0.009033,0,0.008264,0,0.23913,0.030769,0.009724,0.008592,0.005556,FALSE
0.003925,0.005587,0,0,0.003517,0.00159,0.2,0.024148,0.051824,0.000063,0.001775,0.000049,0.001807,0,0.016529,0,0.086957,0.021538,0.002836,0.004627,0.005556,TRUE
0.043171,0.01676,0,0.021127,0.025119,0.015196,0.035,0.141119,0.084759,0.003495,0.015084,0.002724,0.036134,0.068182,0.024793,0,0.304348,0.058462,0.025527,0.024455,0.016667,FALSE
0.015699,0.01676,0,0.021127,0.011052,0.005653,0.085,0.056312,0.078952,0.000519,0.005324,0.000405,0.01355,0,0,0,0.195652,0.046154,0.016207,0.018506,0.016667,FALSE
0.00157,0,0,0,0.002261,0.000764,0.25,0.019318,0.031128,0.000024,0.000887,0.000019,0.001807,0,0,0,0,0.006154,0,0.003966,0,FALSE
0.002355,0,0,0,0.000754,0.000237,0.335,0.014489,0.012842,0.000006,0,0.000004,0.001807,0,0,0,0.043478,0.003077,0.00081,0.000661,0,FALSE
0.002355,0,0,0,0.000754,0.000237,0.335,0.014489,0.012842,0.000006,0,0.000004,0.001807,0,0,0,0.043478,0.003077,0.00081,0.000661,0,FALSE
0.005495,0,0,0,0.002261,0.000887,0.15,0.032165,0.021684,0.000047,0.000887,0.000036,0.003613,0,0.008264,0,0.086957,0.009231,0.002026,0.002644,0,TRUE
0.034537,0.022346,0,0.021127,0.029138,0.018537,0.035,0.132908,0.109743,0.004016,0.018634,0.003131,0.033424,0.022727,0.041322,0,0.326087,0.076923,0.029579,0.02842,0.022222,FALSE
0.002355,0,0,0,0.004521,0.002014,0.455,0.010625,0.149183,0.000035,0.001775,0.000027,0.003613,0,0,0,0,0.006154,0,0.001983,0,FALSE
0.046311,0.044693,0.032258,0.028169,0.02738,0.016947,0.025,0.214141,0.06228,0.005915,0.016859,0.004611,0.034327,0.386364,0.016529,0,0.391304,0.055385,0.027147,0.027759,0.044444,TRUE
0.05573,0.01676,0,0.021127,0.040442,0.025996,0.025,0.191732,0.106683,0.008126,0.025732,0.006335,0.047877,0.022727,0.132231,0,0.326087,0.083077,0.038088,0.044283,0.016667,TRUE
0.007064,0.005587,0,0,0.005777,0.002839,0.1,0.048295,0.046258,0.000224,0.002662,0.000174,0.00542,0,0.016529,0,0.152174,0.024615,0.005267,0.006609,0.005556,FALSE
0.018053,0,0,0,0.009797,0.005196,0.095,0.050517,0.080928,0.000428,0.005324,0.000334,0.011743,0.045455,0.057851,0,0.152174,0.04,0.008914,0.011236,0,TRUE
0.002355,0,0,0,0.000754,0.000237,0.335,0.014489,0.012842,0.000006,0,0.000004,0.001807,0,0,0,0.043478,0.003077,0.00081,0.000661,0,FALSE
0.007064,0.005587,0,0.007042,0.00427,0.001908,0.07,0.067613,0.022214,0.00021,0.001775,0.000164,0.007227,0,0,0,0.152174,0.012308,0.004052,0.004627,0.005556,FALSE
0.036107,0.011173,0,0.014085,0.019844,0.011493,0.03,0.166425,0.054329,0.003118,0.011535,0.002431,0.02981,0.113636,0.041322,0,0.326087,0.04,0.020665,0.018506,0.011111,FALSE
0.003925,0,0,0,0.003517,0.001474,0.215,0.022506,0.051462,0.000054,0.001775,0.000042,0.003613,0,0,0,0.065217,0.018462,0.002836,0.004627,0,FALSE
0.079278,0.134078,0.024194,0.021127,0.062045,0.044005,0.025,0.185164,0.187009,0.013283,0.044366,0.010355,0.083107,0.068182,0.041322,0,0.347826,0.144615,0.057131,0.070059,0.133333,FALSE
0.037677,0.01676,0,0.007042,0.019091,0.01168,0.035,0.141312,0.065075,0.00269,0.011535,0.002097,0.017164,0.409091,0.057851,0,0.304348,0.061538,0.014992,0.025777,0.016667,FALSE
0.000785,0,0,0,0.000754,0.000237,0.335,0.014489,0.012842,0.000006,0,0.000004,0,0,0,0,0.043478,0.003077,0.00081,0.000661,0,FALSE
0.081633,0.083799,0.104839,0.070423,0.0736,0.051565,0.015,0.30426,0.133354,0.025576,0.051464,0.019937,0.078591,0.068182,0.099174,0.090909,0.434783,0.123077,0.070097,0.079313,0.083333,TRUE
0.002355,0,0,0,0.001256,0.000459,0.2,0.024148,0.014938,0.000018,0.000887,0.000014,0.001807,0,0,0,0.086957,0.003077,0.001621,0.000661,0,FALSE
0.00157,0,0,0,0,0,0,0,0,0,0,0,0.000903,0,0,0,0,0,0,0,0,FALSE
0.002355,0,0,0,0.000754,0.000237,0.335,0.014489,0.012842,0.000006,0,0.000004,0.001807,0,0,0,0.043478,0.003077,0.00081,0.000661,0,FALSE
0.021193,0.005587,0,0.007042,0.017081,0.009591,0.05,0.099198,0.076109,0.001551,0.00976,0.001209,0.01626,0.022727,0.057851,0,0.217391,0.046154,0.016207,0.018506,0.005556,FALSE
0.025118,0.027933,0,0.014085,0.018588,0.0103,0.055,0.084227,0.096251,0.001414,0.010648,0.001102,0.02168,0,0.057851,0,0.173913,0.049231,0.017423,0.020489,0.027778,FALSE
0.007064,0.005587,0,0,0.006782,0.003385,0.095,0.051483,0.051703,0.000284,0.003549,0.000222,0.00542,0,0.016529,0,0.152174,0.027692,0.006078,0.007931,0.005556,FALSE
0.003925,0,0,0,0.003768,0.001696,0.175,0.027625,0.048379,0.000076,0.001775,0.000059,0.004517,0,0,0,0.086957,0.021538,0.002836,0.005288,0,FALSE
0.014129,0.011173,0.016129,0.007042,0.008541,0.004316,0.045,0.106249,0.031971,0.000748,0.004437,0.000583,0.012647,0.022727,0.016529,0,0.217391,0.021538,0.008104,0.009253,0.011111,FALSE
0.084772,0.039106,0,0.049296,0.074102,0.047202,0.015,0.277697,0.133764,0.021369,0.047028,0.016657,0.080397,0.045455,0.132231,0,0.282609,0.086154,0.072934,0.076008,0.038889,FALSE
0.036107,0.022346,0.024194,0.021127,0.014569,0.008103,0.035,0.129045,0.04939,0.001705,0.007986,0.001329,0.017164,0.068182,0.041322,0,0.326087,0.070769,0.027553,0.032386,0.011111,FALSE
0.014914,0.011173,0,0.007042,0.011304,0.006154,0.065,0.075244,0.064352,0.000755,0.006211,0.000589,0.01355,0,0.024793,0,0.217391,0.036923,0.011345,0.011236,0.011111,FALSE
0.002355,0,0,0,0.000754,0.000237,0.335,0.014489,0.012842,0.000006,0,0.000004,0.001807,0,0,0,0.043478,0.003077,0.00081,0.000661,0,FALSE
0.085557,0.061453,0.072581,0.077465,0.078372,0.053991,0.02,0.231817,0.183275,0.020404,0.054126,0.015905,0.079494,0.068182,0.123967,0,0.326087,0.126154,0.07658,0.081295,0.061111,TRUE
0.062009,0.100559,0.064516,0.077465,0.068325,0.046462,0.02,0.241862,0.151159,0.018319,0.04614,0.014281,0.064137,0,0.057851,0,0.347826,0.113846,0.066045,0.072042,0.1,TRUE
0.003925,0.005587,0,0.007042,0.003014,0.001219,0.165,0.028977,0.033104,0.000058,0.000887,0.000045,0.003613,0,0,0,0.108696,0.009231,0.003647,0.001983,0.005556,FALSE
0.000785,0,0,0,0.001005,0.000343,0.335,0.014489,0.018648,0.000008,0,0.000006,0,0,0,0,0.043478,0.006154,0.00081,0.001322,0,FALSE
0.188383,0.106145,0.024194,0.133803,0.155237,0.118543,0.01,0.527577,0.176794,0.101959,0.1189,0.07948,0.145438,0.977273,0.280992,0,0.586957,0.187692,0.153971,0.157303,0.105556,FALSE
0.021978,0.01676,0,0.021127,0.011555,0.006105,0.07,0.070221,0.0684,0.000699,0.006211,0.000545,0.017164,0.136364,0.016529,0,0.195652,0.033846,0.012156,0.010575,0.011111,FALSE
0.042386,0.061453,0.064516,0.056338,0.046722,0.029628,0.035,0.131073,0.177926,0.006329,0.029281,0.004934,0.04065,0.068182,0.041322,0,0.217391,0.092308,0.045381,0.048909,0.061111,FALSE
0.00471,0,0,0,0.002512,0.001031,0.18,0.027045,0.029996,0.000045,0.000887,0.000035,0.004517,0,0,0,0.021739,0.036923,0.003647,0.008592,0,FALSE
0.005495,0,0,0,0.002261,0.000887,0.15,0.032165,0.021684,0.000047,0.000887,0.000036,0.003613,0,0.008264,0,0.086957,0.009231,0.002026,0.002644,0,FALSE
0.048666,0.022346,0,0.021127,0.03994,0.025832,0.03,0.16005,0.127042,0.006739,0.025732,0.005253,0.045167,0.022727,0.082645,0,0.282609,0.092308,0.035656,0.046927,0.022222,TRUE
0.135793,0.156425,0.048387,0.091549,0.116805,0.086873,0.015,0.384816,0.177661,0.054497,0.086957,0.042482,0.120145,0.090909,0.264463,0.181818,0.478261,0.172308,0.109806,0.128222,0.155556,FALSE
0.003925,0,0,0,0.003517,0.001474,0.215,0.022506,0.051462,0.000054,0.001775,0.000042,0.003613,0,0,0,0.065217,0.018462,0.002836,0.004627,0,FALSE
0.023548,0.022346,0,0.014085,0.041698,0.025533,0.025,0.176277,0.113984,0.007337,0.025732,0.00572,0.04607,0,0.115702,0,0.217391,0.04,0.018639,0.019167,0.022222,FALSE
0.177394,0.145251,0.048387,0.105634,0.14946,0.114422,0.015,0.291123,0.309256,0.054309,0.114463,0.042335,0.151762,0.477273,0.247934,0.363636,0.413043,0.215385,0.155592,0.139458,0.144444,TRUE
0.025118,0.027933,0,0.014085,0.020347,0.012233,0.04,0.124505,0.07729,0.002484,0.012422,0.001936,0.025294,0,0.024793,0,0.282609,0.058462,0.018639,0.023133,0.027778,TRUE
0.005495,0,0,0,0.002261,0.000887,0.15,0.032165,0.021684,0.000047,0.000887,0.000036,0.003613,0,0.008264,0,0.086957,0.009231,0.002026,0.002644,0,FALSE
0.002355,0,0,0,0.000754,0.000237,0.335,0.014489,0.012842,0.000006,0,0.000004,0.001807,0,0,0,0.043478,0.003077,0.00081,0.000661,0,FALSE
0.028257,0.039106,0,0.021127,0.024617,0.014075,0.045,0.112528,0.098444,0.002581,0.014197,0.002012,0.02168,0.090909,0.057851,0,0.217391,0.052308,0.025122,0.023794,0.038889,TRUE
0.007849,0.005587,0,0.007042,0.004019,0.001802,0.085,0.057954,0.024478,0.00017,0.001775,0.000133,0.007227,0,0.008264,0,0.152174,0.012308,0.004052,0.003966,0.005556,FALSE
0.021978,0.027933,0.024194,0.021127,0.016579,0.009201,0.04,0.120352,0.06016,0.001805,0.008873,0.001407,0.022584,0,0.016529,0,0.23913,0.04,0.015802,0.017845,0.027778,FALSE
0.002355,0,0,0,0.000754,0.000237,0.335,0.014489,0.012842,0.000006,0,0.000004,0.001807,0,0,0,0.043478,0.003077,0.00081,0.000661,0,FALSE
0.002355,0,0,0,0.001507,0.000328,0.335,0.014489,0.017829,0.000008,0,0.000006,0.00271,0,0,0,0.021739,0.012308,0.000405,0.005288,0,FALSE
0.002355,0,0,0,0.000754,0.000237,0.335,0.014489,0.012842,0.000006,0,0.000004,0.001807,0,0,0,0.043478,0.003077,0.00081,0.000661,0,FALSE
0.010204,0.011173,0,0.007042,0.012057,0.006263,0.06,0.082102,0.060015,0.000838,0.006211,0.000653,0.009033,0,0.008264,0.090909,0.195652,0.030769,0.012561,0.011236,0.011111,FALSE
0.179749,0.178771,0.072581,0.105634,0.144185,0.110391,0.015,0.384623,0.225847,0.069218,0.110027,0.053957,0.157182,0.340909,0.280992,0.454545,0.478261,0.206154,0.138574,0.153338,0.177778,TRUE
0.002355,0,0,0,0.001758,0.00071,0.165,0.028977,0.019274,0.000034,0.000887,0.000026,0.001807,0,0,0,0.108696,0.006154,0.002026,0.001322,0,FALSE
0.010204,0.011173,0,0.014085,0.010299,0.005619,0.075,0.06317,0.070014,0.000578,0.005324,0.000451,0.009033,0,0.016529,0,0.195652,0.04,0.009724,0.011236,0.011111,TRUE
0.021193,0.005587,0,0.007042,0.032404,0.020028,0.05,0.098039,0.1607,0.003202,0.020408,0.002496,0.01897,0.022727,0.024793,0,0.217391,0.08,0.03282,0.031725,0.005556,FALSE
0.007064,0.022346,0,0,0.008038,0.003498,0.07,0.067613,0.040717,0.000386,0.003549,0.000301,0.00542,0,0.008264,0,0.130435,0.015385,0.008914,0.006609,0.022222,FALSE
0.011774,0,0,0,0.002261,0.000887,0.165,0.028977,0.024093,0.000042,0.000887,0.000033,0.004517,0,0,0,0.065217,0.015385,0.001216,0.004627,0,FALSE
0.002355,0,0,0,0.001256,0.000459,0.25,0.019318,0.018672,0.000014,0.000887,0.000011,0.001807,0,0,0,0.065217,0.006154,0.001216,0.001322,0,FALSE
0.0573,0.061453,0.024194,0.028169,0.048229,0.033576,0.025,0.192408,0.13733,0.010531,0.033718,0.008209,0.050587,0.113636,0.066116,0,0.456522,0.113846,0.050648,0.044283,0.05,FALSE
0.00471,0,0,0,0.00201,0.000747,0.135,0.036221,0.016239,0.000044,0.000887,0.000034,0.003613,0,0.008264,0,0.086957,0.006154,0.002026,0.001983,0,FALSE
0.002355,0,0,0,0.008038,0.00407,0.075,0.062784,0.051005,0.000417,0.004437,0.000325,0.003613,0.022727,0,0.090909,0.065217,0.018462,0.002431,0.003966,0,FALSE
0.003925,0,0,0,0.003768,0.001696,0.175,0.027625,0.048379,0.000076,0.001775,0.000059,0.004517,0,0,0,0.086957,0.021538,0.002836,0.005288,0,FALSE
0.036892,0.078212,0,0.042254,0.03994,0.024463,0.02,0.227663,0.084542,0.009079,0.024845,0.007078,0.038844,0,0.016529,0.090909,0.304348,0.064615,0.037682,0.043622,0.077778,FALSE
0.045526,0.022346,0,0.021127,0.036423,0.023983,0.025,0.18613,0.101407,0.007276,0.023957,0.005672,0.04607,0.022727,0.041322,0,0.347826,0.092308,0.031199,0.044944,0.022222,FALSE
0.00471,0,0,0,0.003014,0.001079,0.1,0.048295,0.017588,0.000085,0.000887,0.000066,0.004517,0,0,0,0.086957,0.006154,0.003241,0.002644,0,FALSE
0.035322,0.01676,0,0.021127,0.027882,0.017124,0.045,0.108664,0.124006,0.003033,0.016859,0.002365,0.03252,0,0.041322,0,0.23913,0.073846,0.026742,0.029742,0.016667,FALSE
0.003925,0,0,0,0.002512,0.001031,0.145,0.033807,0.023997,0.000057,0.000887,0.000044,0.003613,0,0,0,0.130435,0.006154,0.003241,0.001322,0,FALSE
0.002355,0,0,0,0.001005,0.000343,0.335,0.014489,0.018648,0.000008,0,0.000006,0.001807,0,0,0,0.043478,0.006154,0.00081,0.001322,0,FALSE
0.005495,0,0,0,0,0,0,0,0,0,0,0,0.000903,0,0,0,0.065217,0.012308,0.001216,0.003966,0,FALSE
0.002355,0,0,0,0.000754,0.000237,0.335,0.014489,0.012842,0.000006,0,0.000004,0.001807,0,0,0,0.043478,0.003077,0.00081,0.000661,0,FALSE
0.047096,0.03352,0,0.021127,0.041447,0.027116,0.03,0.15638,0.136462,0.006912,0.027507,0.005388,0.044264,0.022727,0.07438,0,0.282609,0.098462,0.036872,0.048909,0.033333,TRUE
0.002355,0.005587,0,0,0.002512,0.001081,0.2,0.024148,0.035224,0.000043,0.000887,0.000033,0.001807,0,0,0,0.086957,0.015385,0.002026,0.003305,0.005556,FALSE
0.10675,0.100559,0.032258,0.105634,0.081889,0.058452,0.02,0.252004,0.182552,0.02401,0.058563,0.018717,0.101174,0.204545,0.115702,0,0.413043,0.141538,0.083468,0.079313,0.1,TRUE
0,0,0,0,0.001256,0.000459,0.2,0.024148,0.014938,0.000018,0.000887,0.000014,0,0,0,0,0.086957,0.003077,0.001621,0.000661,0,FALSE
0.003925,0,0,0,0.001005,0.000343,0.335,0.014489,0.018648,0.000008,0,0.000006,0.00271,0,0.008264,0,0.043478,0.006154,0.00081,0.001322,0,FALSE
0.011774,0,0,0,0.014318,0.007864,0.06,0.082778,0.074736,0.001061,0.007986,0.000827,0.011743,0.045455,0.041322,0,0.173913,0.027692,0.008509,0.007931,0.005556,FALSE
0.002355,0,0,0,0.000754,0.000237,0.335,0.014489,0.012842,0.000006,0,0.000004,0.001807,0,0,0,0.043478,0.003077,0.00081,0.000661,0,FALSE
0.00157,0,0,0,0,0,0,0,0,0,0,0,0.000903,0,0,0,0,0,0,0,0,FALSE
0.00314,0,0,0,0.000754,0.000187,0.665,0.007244,0.020359,0.000002,0,0.000002,0.00271,0,0,0,0,0.006154,0,0.001983,0,FALSE
0.006279,0,0,0,0.003014,0.001219,0.125,0.038636,0.024816,0.000077,0.000887,0.00006,0.00271,0.045455,0.016529,0,0.108696,0.009231,0.003241,0.002644,0,FALSE
0.05102,0.067039,0.016129,0.042254,0.040191,0.025674,0.02,0.231431,0.087313,0.009685,0.025732,0.00755,0.046974,0.090909,0.057851,0.090909,0.391304,0.070769,0.041329,0.038334,0.066667,FALSE
0.021978,0.022346,0,0.014085,0.017332,0.009952,0.05,0.093789,0.08353,0.001521,0.00976,0.001186,0.019874,0,0.041322,0,0.217391,0.052308,0.015802,0.019828,0.022222,FALSE
0.047096,0.039106,0.048387,0.042254,0.028134,0.017904,0.025,0.182556,0.07717,0.005328,0.017746,0.004153,0.034327,0.045455,0.033058,0,0.478261,0.083077,0.04295,0.038334,0.033333,TRUE
0.003925,0,0,0,0.00201,0.000688,0.25,0.019318,0.02802,0.000022,0.000887,0.000017,0.003613,0,0,0,0.043478,0.009231,0.001621,0.002644,0,FALSE
0.002355,0,0,0,0.000754,0.000237,0.335,0.014489,0.012842,0.000006,0,0.000004,0.001807,0,0,0,0.043478,0.003077,0.00081,0.000661,0,FALSE
0.032182,0.01676,0,0.014085,0.019342,0.011636,0.04,0.121028,0.075676,0.002295,0.011535,0.001789,0.020777,0.113636,0.07438,0.090909,0.282609,0.058462,0.017423,0.022472,0.016667,TRUE
0.038462,0.011173,0,0.014085,0.030897,0.018167,0.03,0.153482,0.093143,0.004545,0.017746,0.003543,0.03523,0.045455,0.033058,0,0.26087,0.055385,0.03201,0.029081,0.011111,FALSE
0.002355,0,0,0,0.000754,0.000237,0.335,0.014489,0.012842,0.000006,0,0.000004,0.001807,0,0,0,0.043478,0.003077,0.00081,0.000661,0,FALSE
0.025903,0.011173,0,0.014085,0.013062,0.007367,0.035,0.131749,0.044018,0.001582,0.007098,0.001233,0.017164,0.159091,0.041322,0,0.304348,0.033846,0.012966,0.013219,0.011111,FALSE
0.087127,0.100559,0.080645,0.098592,0.087164,0.065246,0.02,0.239061,0.21474,0.025432,0.065661,0.019825,0.084011,0.045455,0.082645,0.454545,0.413043,0.187692,0.079417,0.099802,0.1,TRUE
0.012559,0.01676,0,0.007042,0.017081,0.009476,0.055,0.090119,0.082711,0.001393,0.00976,0.001086,0.01626,0.022727,0,0,0.130435,0.036923,0.009724,0.013219,0.016667,FALSE
0.014914,0.01676,0.016129,0.014085,0.011052,0.006102,0.045,0.102772,0.04674,0.001022,0.006211,0.000797,0.01355,0.022727,0.016529,0,0.26087,0.033846,0.010535,0.011897,0.016667,FALSE
0.003925,0,0,0,0.003517,0.001474,0.215,0.022506,0.051462,0.000054,0.001775,0.000042,0.003613,0,0,0,0.065217,0.018462,0.002836,0.004627,0,FALSE
0.000785,0,0,0,0.001005,0.000343,0.335,0.014489,0.018648,0.000008,0,0.000006,0,0,0,0,0.043478,0.006154,0.00081,0.001322,0,FALSE
0.002355,0,0,0,0.000754,0.000237,0.335,0.014489,0.012842,0.000006,0,0.000004,0.001807,0,0,0,0.043478,0.003077,0.00081,0.000661,0,FALSE
0.002355,0,0,0,0.001005,0.000343,0.335,0.014489,0.018648,0.000008,0,0.000006,0.001807,0,0,0,0.043478,0.006154,0.00081,0.001322,0,FALSE
0.00314,0,0,0,0.001005,0.000343,0.335,0.014489,0.018648,0.000008,0,0.000006,0.001807,0,0.008264,0,0.043478,0.006154,0.00081,0.001322,0,FALSE
0.002355,0,0,0,0.000754,0.000237,0.335,0.014489,0.012842,0.000006,0,0.000004,0.001807,0,0,0,0.043478,0.003077,0.00081,0.000661,0,FALSE
0.005495,0,0,0,0.002261,0.000937,0.25,0.019318,0.038187,0.00003,0.000887,0.000023,0.00271,0,0,0.090909,0.065217,0.015385,0.001621,0.003305,0,FALSE
0.009419,0.005587,0,0.007042,0.00628,0.003266,0.06,0.079687,0.03226,0.000424,0.003549,0.000331,0.00813,0.022727,0.008264,0,0.217391,0.024615,0.005267,0.007931,0.005556,FALSE
0.091837,0.011173,0,0.007042,0.08842,0.060625,0.015,0.301362,0.158314,0.029784,0.060337,0.023217,0.078591,0.022727,0.190083,0,0.326087,0.123077,0.079417,0.103106,0.011111,TRUE
0.009419,0.005587,0,0,0.007536,0.003894,0.105,0.045687,0.067123,0.00029,0.003549,0.000226,0.009033,0,0.008264,0,0.152174,0.033846,0.006888,0.008592,0.005556,TRUE
0.041601,0.01676,0,0.014085,0.03165,0.020122,0.035,0.147687,0.107213,0.004844,0.020408,0.003776,0.03794,0,0.082645,0,0.304348,0.08,0.029579,0.03503,0.016667,TRUE
0.00314,0,0,0,0.001005,0.000343,0.335,0.014489,0.018648,0.000008,0,0.000006,0.001807,0,0.008264,0,0.043478,0.006154,0.00081,0.001322,0,FALSE
0.000785,0,0,0,0,0,0,0,0,0,0,0,0,0,0,0,0,0,0,0,0,FALSE
0.014914,0.01676,0,0.014085,0.011052,0.005934,0.075,0.064426,0.07252,0.000623,0.006211,0.000486,0.012647,0.068182,0.008264,0,0.195652,0.036923,0.011345,0.010575,0.016667,FALSE
0.032967,0.022346,0,0.021127,0.025119,0.015196,0.03,0.152516,0.078398,0.003778,0.015084,0.002945,0.0271,0.068182,0.057851,0,0.304348,0.058462,0.024311,0.026438,0.022222,FALSE
0.002355,0,0,0,0.000754,0.000237,0.335,0.014489,0.012842,0.000006,0,0.000004,0.001807,0,0,0,0.043478,0.003077,0.00081,0.000661,0,FALSE
0.035322,0.011173,0,0.007042,0.019593,0.011464,0.05,0.100647,0.089626,0.001881,0.011535,0.001466,0.02168,0.272727,0.057851,0,0.217391,0.04,0.018639,0.019167,0.011111,TRUE
0.463108,0.480447,0.266129,0.422535,0.473499,0.416048,0.01,0.618661,0.529225,0.419579,0.416149,0.327074,0.400181,0.909091,0.760331,0.545455,0.543478,0.461538,0.464344,0.488434,0.477778,TRUE
0.000785,0,0,0,0.001758,0.00071,0.145,0.033807,0.016528,0.000039,0.000887,0.000031,0,0,0,0,0.130435,0.003077,0.002431,0.000661,0,FALSE
0.002355,0,0,0,0.001005,0.000343,0.335,0.014489,0.018648,0.000008,0,0.000006,0.001807,0,0,0,0.043478,0.006154,0.00081,0.001322,0,FALSE
0.021978,0,0,0,0.018086,0.010487,0.055,0.088573,0.093215,0.001514,0.010648,0.00118,0.018067,0,0.057851,0,0.217391,0.055385,0.017018,0.019828,0,TRUE
0.002355,0,0,0,0.000754,0.000237,0.335,0.014489,0.012842,0.000006,0,0.000004,0.001807,0,0,0,0.043478,0.003077,0.00081,0.000661,0,FALSE
0.025118,0.027933,0,0.007042,0.020598,0.011538,0.04,0.123925,0.073242,0.002331,0.011535,0.001817,0.01626,0.068182,0.07438,0,0.217391,0.046154,0.019044,0.023133,0.027778,FALSE
0.011774,0.01676,0.016129,0.007042,0.01256,0.007327,0.055,0.086352,0.066786,0.001031,0.007098,0.000804,0.011743,0,0,0.090909,0.26087,0.049231,0.011345,0.014541,0.016667,FALSE
0.00157,0,0,0,0,0,0,0,0,0,0,0,0.000903,0,0,0,0,0,0,0,0,TRUE
0.049451,0.027933,0,0.035211,0.04622,0.028917,0.025,0.186613,0.121934,0.008797,0.029281,0.006857,0.044264,0.159091,0.041322,0,0.282609,0.076923,0.046596,0.045605,0.027778,FALSE
0,0,0,0,0,0.00003,0.5,0.009659,0.002409,0,0.088731,0.000007,0.000903,0.022727,0.008264,0.090909,0,0.003077,0,0.000661,0,TRUE
0.002355,0,0,0,0.000754,0.000237,0.335,0.014489,0.012842,0.000006,0,0.000004,0.001807,0,0,0,0.043478,0.003077,0.00081,0.000661,0,FALSE
